/****** Object:  Table [dbo].[User]    Script Date: 11/08/2011 14:22:52 ******/
SET IDENTITY_INSERT [dbo].[User] ON
INSERT [dbo].[User] ([Id], [FirstName], [LastName], [MiddleName], [DateOfBirth], [Password], [LastLoginDate]) VALUES (1, N'Petro', N'Sidlovskyy', N'Petrovych', CAST(0xA6FE0A00 AS Date), N'TF', CAST(0x00006CCF016D7BDF AS DateTime))
INSERT [dbo].[User] ([Id], [FirstName], [LastName], [MiddleName], [DateOfBirth], [Password], [LastLoginDate]) VALUES (2, N'Rebecca', N'Petty', N'Joyce Forbes', CAST(0xB2090B00 AS Date), N'BDVNTBXSGYQ9', CAST(0x000053EB00A075CE AS DateTime))
INSERT [dbo].[User] ([Id], [FirstName], [LastName], [MiddleName], [DateOfBirth], [Password], [LastLoginDate]) VALUES (3, N'Marissa', N'Holt', N'Sara Kane', CAST(0x211A0B00 AS Date), N'NG86RKJH60J1D', CAST(0x0000558800D872F9 AS DateTime))
INSERT [dbo].[User] ([Id], [FirstName], [LastName], [MiddleName], [DateOfBirth], [Password], [LastLoginDate]) VALUES (4, N'Maria', N'Buckley', N'Cameron Marks', CAST(0x8FF00A00 AS Date), N'IL63IX1JYS', CAST(0x00007CB300A5B8E9 AS DateTime))
INSERT [dbo].[User] ([Id], [FirstName], [LastName], [MiddleName], [DateOfBirth], [Password], [LastLoginDate]) VALUES (5, N'Sonja', N'Fritz', N'Sheldon Horn', CAST(0x24250B00 AS Date), N'IE7IO13ZL6NWM48VX5CC', CAST(0x0000882B00C4321E AS DateTime))
SET IDENTITY_INSERT [dbo].[User] OFF
/****** Object:  Table [dbo].[City]    Script Date: 11/08/2011 14:22:52 ******/
SET IDENTITY_INSERT [dbo].[City] ON
INSERT [dbo].[City] ([Id], [Name]) VALUES (1, N'Lviv')
INSERT [dbo].[City] ([Id], [Name]) VALUES (2, N'Kiev')
INSERT [dbo].[City] ([Id], [Name]) VALUES (3, N'Ternopil')
INSERT [dbo].[City] ([Id], [Name]) VALUES (4, N'NY')
INSERT [dbo].[City] ([Id], [Name]) VALUES (5, N'London')
SET IDENTITY_INSERT [dbo].[City] OFF
/****** Object:  Table [dbo].[Country]    Script Date: 11/08/2011 14:22:52 ******/
SET IDENTITY_INSERT [dbo].[Country] ON
INSERT [dbo].[Country] ([Id], [Name]) VALUES (1, N'Ukraine')
INSERT [dbo].[Country] ([Id], [Name]) VALUES (2, N'USA')
INSERT [dbo].[Country] ([Id], [Name]) VALUES (3, N'Russia')
INSERT [dbo].[Country] ([Id], [Name]) VALUES (4, N'Englamd')
INSERT [dbo].[Country] ([Id], [Name]) VALUES (5, N'Italy')
SET IDENTITY_INSERT [dbo].[Country] OFF
/****** Object:  Table [dbo].[System]    Script Date: 11/08/2011 14:22:52 ******/
INSERT [dbo].[System] ([Version], [Updated]) VALUES (4, CAST(0x00009F9500E5F5A7 AS DateTime))
/****** Object:  Table [dbo].[Photographer]    Script Date: 11/08/2011 14:22:52 ******/
INSERT [dbo].[Photographer] ([Id], [Summary]) VALUES (1, N'Y1CATJHYSLJZUVLXW2JM7K3JCDPFOQC1EOL3A4HD59PWAKGC5RL3HY6DXTXGT1A28IK59HMRK5HXV79SXDAX49JGI85H61J3ZMORZA2N4UJBG8HQK5JGRCXZY3N1B5KJMDY8JHSNAMSAP7ZAQFX0I3CMPPSWM0BZ9ZP3A972DW54KN9R4CBW7K1I1BJTOW0ABS1QHW0H8UNMX712G1R9PFRPY62YPDDHVVTSLI98CUNDWFLT9HDN4QLV0CRAU1RUG5Q1E9GXRJXVRESJL8O70QD5AXR9QYEB2TWROKF01FVLTP4LK8PLDJUQSKQGH66T5LSYI0U0TN6KVSCKT6PI8SXIY6Z4TYJU81F7X62JEPRPD9U085NAHOKCO9ZC1Q6V4CBTC5NN364J085PBYVOA8DKH2JN6QHNIWK1Y0N3I07BK1CF3A02UIKVYRC9MZGDOG04N4RBAS59120FQ3JWPET0BP26NEGIKUN307RZIPR1CBUWQWIIFJN9NZSY2KNWBNP7FXFJCKD0MRO0U5GRVY206DG0FTWY2VPPLNHTHZ6V6NMVBS3W3W0DKP01HE3JNEYR1YF7OM9WS7TIRKOMP0U5UC4VMGC3VN7RPVTDCV8GM4KDVIAWP')
INSERT [dbo].[Photographer] ([Id], [Summary]) VALUES (2, N'AD6WKX4450W7OH0DIPTEYGCK022JDSTZHRNJOVTCUNYT1I1VLW99T1BU1LWHUKQC6XQXUGOMVGKAIJIH17YHJK5FFTI2ZCI9XLM4S3147MDCH0BI2FGNM9TMRAI0YLNJYBDWWEOX5T9W6SYFHZ0JWUMNS0CIL15MZUE5MEMOQIIS0WFYB2JYL3N3OQ4V16B4ONWCESS2DBTDCUNVKE6JI70W6AHWAQMK6E4C03JI9GK9A9RU39BNZSLGM054BWSNO87YPAVGUN91MRMWINS0EZLDSNQZXF7COXK12T4TEUTBJKUUE9LN4R8PMT62JVIEGWDO6KTPJZLK69U7SVLOTK8WOVF9N19JBEVN65NUFV445OICZY9NAUKVNH0B5J2HQ28SE61M7R8XG4Q0C2AOSL8HTZZP5COVTME2GQYSXMGJLMFJQZY29DP4UQYE6BHV2C4TQNKM3IR55PW6JGY6DMMFX98PRJLL5LH8IMS3FBZRMJZ4USUPCAHGQPVGEUVJW5ZK8NOXNVQ2MVTE94VZPV9U30HSQCOLGFUGJFV63X2GKFTVWH6AZVU1W5G75V6B75L60CUU8OVSTSAO7MW95ELKLTJEZN08QQ9FTMUJNC1B0274UR0JYX6SJ0L7SGVKNN13IVVKSDMSDAKILFJ7NH9TJGVT0NQ7HGNC04LZWFQKBDF9F2LDWNX6D8J102J5NFBWM8HHTJA7QOH60L')
INSERT [dbo].[Photographer] ([Id], [Summary]) VALUES (3, N'YR0Z167PZCMKFHIU6O1FCFAHKI4VLV1G7ZHDZ7IHAM9MIQLWPOPX0I1JHJFI2C43A5CGZ4VZ5J4P5OZTW85W53GPYYWFR0FYI5BCD5WLTQRHDCDSJLMT67Y6PNI08F753660CMFQBK3FCZBLL3W6DMRB75NQNWDDILD65DGW6VIM3IUPBWF4J1RHFUS7ZP3E7QXQL5G8MZ0I358OAXERG8UHTWRAK9XGR3FDL346G7HJ19DAM4W1ACXYVGWPE5ND1JQ0QV36T8A9RAFKIGOGDV6F5GH57ERBJ4IIIDKQ0P821O7K0C6XG705CBU9DYZFGZQNSX24WXFNN3DH9X4V7TUB4C56JAD1QTL1YKR3911ISCI9XD0FU47M5EJGRVLLKEXUHCIO51L5SCJRUW95AX7LLZWJ1BBEGFXDENRLUBASJ1UTURLVLGBN6C8IGYNUP6PCE5C64OAYNE2K43P9QFTZ4A72E85VNG2CBHEOEERX5C0S9OEC9E3ADP84YASWJFA6BP8NO0VBOWUR9ESQUSM9CSZL9AP4MUDQ1TGKFRO9ISMGVGUKH22RS0UJPNDDAQPTI4PGY8A34DQJ5IQTG5MKSMX1YXVSDAYS3TYQQDM9RZNF')
INSERT [dbo].[Photographer] ([Id], [Summary]) VALUES (4, N'9CVJ9NG91QBVNM8BJ66H4PY0QDME2W9O207XRRECFLBFN5ULF8T58PSJDUTV1265GMSNEBKRST2IEID')
INSERT [dbo].[Photographer] ([Id], [Summary]) VALUES (5, N'J0ZU24FC7NJWYIBCE5Z0C764O2CENA5VH7C03C2B7GFQRNS9HP49JC8BUV50R0PXINFQ5B912NTWSFC192XX5VC4Z05862K6QH837146G26WJCJFI4QO3RRMBBR551VZ3M5A78T8YQH3PGLNHQP1CV3YPLSWAZ0E76TW687AAHPCAOXVQ3NFBTN7J6LLGXYZQ2WINOH8IEQU5QO1NW66BK2DJLDZNLUDJQM8SE81MFWX2S2TIJYJQSO5ZIZ1AHLWKDAF4G98O4JWO5BQIKH3NBMR1G89F6R5U0DPINO2APUM8SHT79IQ0H88QJDO7ZTHDD1NSL8VVESYG0I8YE26N05CR4YY90UBVC8UQT1L0NULOASQ04PSXNUC8PWON9MVKH33RNI4DG506JOHB8Y4B1D7IWM1X')
/****** Object:  Table [dbo].[Administrator]    Script Date: 11/08/2011 14:22:52 ******/
INSERT [dbo].[Administrator] ([Id]) VALUES (1)
INSERT [dbo].[Administrator] ([Id]) VALUES (2)
INSERT [dbo].[Administrator] ([Id]) VALUES (3)
INSERT [dbo].[Administrator] ([Id]) VALUES (4)
INSERT [dbo].[Administrator] ([Id]) VALUES (5)
/****** Object:  Table [dbo].[Address]    Script Date: 11/08/2011 14:22:52 ******/
SET IDENTITY_INSERT [dbo].[Address] ON
INSERT [dbo].[Address] ([Id], [UserId], [CityId], [CountryId]) VALUES (1, 4, 4, 4)
INSERT [dbo].[Address] ([Id], [UserId], [CityId], [CountryId]) VALUES (2, 5, 5, 5)
INSERT [dbo].[Address] ([Id], [UserId], [CityId], [CountryId]) VALUES (3, 4, 4, 4)
INSERT [dbo].[Address] ([Id], [UserId], [CityId], [CountryId]) VALUES (4, 3, 3, 3)
INSERT [dbo].[Address] ([Id], [UserId], [CityId], [CountryId]) VALUES (5, 2, 2, 2)
SET IDENTITY_INSERT [dbo].[Address] OFF
/****** Object:  Table [dbo].[Contact]    Script Date: 11/08/2011 14:22:52 ******/
SET IDENTITY_INSERT [dbo].[Contact] ON
INSERT [dbo].[Contact] ([Id], [UserId], [EMail]) VALUES (1, 4, N'gfgku94@ummi.tpbhfo.com')
INSERT [dbo].[Contact] ([Id], [UserId], [EMail]) VALUES (2, 5, N'hgvmlcx5@edvngu.nqoqmv.com')
INSERT [dbo].[Contact] ([Id], [UserId], [EMail]) VALUES (3, 4, N'wjtkr.cofw@nqbxbs.org')
INSERT [dbo].[Contact] ([Id], [UserId], [EMail]) VALUES (4, 3, N'uocmo7@pyj-vz.org')
INSERT [dbo].[Contact] ([Id], [UserId], [EMail]) VALUES (5, 2, N'agahi60@tkdebbu.xckfjy.net')
SET IDENTITY_INSERT [dbo].[Contact] OFF
/****** Object:  Table [dbo].[UserPhoto]    Script Date: 11/08/2011 14:22:52 ******/
SET IDENTITY_INSERT [dbo].[UserPhoto] ON
INSERT [dbo].[UserPhoto] ([Id], [UserId], [Image]) VALUES (1, 4, 0xD51FAF9E2A3085EB64E84F9C2E713AF25B5550D87FE0710B1B9BCCC9439CE6D8D282FA1DC3987B93B941116A3D6D363F8D5DF71AB5221DF5ADA3828E64BCA7C80177C9AB761D2EC3D9BC1F3DCE06CDAE658C3BE6A5CB22B065056F2015EC2FFC9A4968C5A38AC9702E3441F802DF27A7D5D328D781C1233555184571AD0EADEC8D22A3849D080BDBC3CAB7718A29AD86DEC84A42C3577BD92632708A4458C31F86546BE03CA209CDC84D14B709B2AB2C6ABF92E4C46A2835A7CA5E6A9780966B0797EA35BDCD4A3BBF7C7A7642C3CF7387441F84C5DE5B1B2C353971439E3647B6A9B071C8756E9D75562548F0B2F3E3FAEAE3536112A5283CCE098894D8F8204532BF99135EAB11D6820E6EB8132B7942557759BBE3E6A4038734F96CE5099D5E0402BEF25ACF9B3E0000000000000000000000000000000000000000000000000000000000000000000000000000000000000000000000000000000000000000000000000000000000000000000000000000000000000000000000000000000000000000000000000000000000000000000000000000000000000000000000000000000000000000000000000000000000000000000000000000000000000000000000000000000000000000000000000000000000000000000000000000000000000000000000000000000000000000000000000000000000000000000000000000000000000000000000000000000000000000000000000000000000000000000000000000000000000000000000000000000000000000000000000000000000000000000000000000000000000000000000000000000000000000000000000000000000000000000000000000000000000000000000000000000000000000000000000000000000000000000000000000000000000000000000000000000000000000000000000000000000000000000000000000000000000000000000000000000000000000000000000000000000000000000000000000000000000000000000000000000000000000000000000000000000000000000000000000000000000000000000000000000000000000000000000000000000000000000000000000000000000000000000000000000000000000000000000000000000000000000000000000000000000000000000000000000000000000000000000000000000000000000000000000000000000000000000000000000000000000000000000000000000000000000000000000000000000000000000000000000000000000000000000000000000000000000000000000000000000000000000000000000000000000000000000000000000000000000000000000000000000000000000000000000000000000000000000000000000000000000000000000000000000000000000000000000000000000000000000000000000000000000000000000000000000000000000000000000000000000000000000000000000000000000000000000000000000000000000000000000000000000000000000000000000000000000000000000000000000000000000000000000000000000000000000000000000000000000000000000000000000000000000000000000000000000000000000000000000000000000000000000000000000000000000000000000000000000000000000000000000000000000000000000000000000000000000000000000000000000000000000000000000000000000000000000000000000000000000000000000000000000000000000000000000000000000000000000000000000000000000000000000000000000000000000000000000000000000000000000000000000000000000000000000000000000000000000000000000000000000000000000000000000000000000000000000000000000000000000000000000000000000000000000000000000000000000000000000000000000000000000000000000000000000000000000000000000000000000000000000000000000000000000000000000000000000000000000000000000000000000000000000000000000000000000000000000000000000000000000000000000000000000000000000000000000000000000000000000000000000000000000000000000000000000000000000000000000000000000000000000000000000000000000000000000000000000000000000000000000000000000000000000000000000000000000000000000000000000000000000000000000000000000000000000000000000000000000000000000000000000000000000000000000000000000000000000000000000000000000000000000000000000000000000000000000000000000000000000000000000000000000000000000000000000000000000000000000000000000000000000000000000000000000000000000000000000000000000000000000000000000000000000000000000000000000000000000000000000000000000000000000000000000000000000000000000000000000000000000000000000000000000000000000000000000000000000000000000000000000000000000000000000000000000000000000000000000000000000000000000000000000000000000000000000000000000000000000000000000000000000000000000000000000000000000000000000000000000000000000000000000000000000000000000000000000000000000000000000000000000000000000000000000000000000000000000000000000000000000000000000000000000000000000000000000000000000000000000000000000000000000000000000000000000000000000000000000000000000000000000000000000000000000000000000000000000000000000000000000000000000000000000000000000000000000000000000000000000000000000000000000000000000000000000000000000000000000000000000000000000000000000000000000000000000000000000000000000000000000000000000000000000000000000000000000000000000000000000000000000000000000000000000000000000000000000000000000000000000000000000000000000000000000000000000000000000000000000000000000000000000000000000000000000000000000000000000000000000000000000000000000000000000000000000000000000000000000000000000000000000000000000000000000000000000000000000000000000000000000000000000000000000000000000000000000000000000000000000000000000000000000000000000000000000000000000000000000000000000000000000000000000000000000000000000000000000000000000000000000000000000000000000000000000000000000000000000000000000000000000000000000000000000000000000000000000000000000000000000000000000000000000000000000000000000000000000000000000000000000000000000000000000000000000000000000000000000000000000000000000000000000000000000000000000000000000000000000000000000000000000000000000000000000000000000000000000000000000000000000000000000000000000000000000000000000000000000000000000000000000000000000000000000000000000000000000000000000000000000000000000000000000000000000000000000000000000000000000000000000000000000000000000000000000000000000000000000000000000000000000000000000000000000000000000000000000000000000000000000000000000000000000000000000000000000000000000000000000000000000000000000000000000000000000000000000000000000000000000000000000000000000000000000000000000000000000000000000000000000000000000000000000000000000000000000000000000000000000000000000000000000000000000000000000000000000000000000000000000000000000000000000000000000000000000000000000000000000000000000000000000000000000000000000000000000000000000000000000000000000000000000000000000000000000000000000000000000000000000000000000000000000000000000000000000000000000000000000000000000000000000000000000000000000000000000000000000000000000000000000000000000000000000000000000000000000000000000000000000000000000000000000000000000000000000000000000000000000000000000000000000000000000000000000000000000000000000000000000000000000000000000000000000000000000000000000000000000000000000000000000000000000000000000000000000000000000000000000000000000000000000000000000000000000000000000000000000000000000000000000000000000000000000000000000000000000000000000000000000000000000000000000000000000000000000000000000000000000000000000000000000000000000000000000000000000000000000000000000000000000000000000000000000000000000000000000000000000000000000000000000000000000000000000000000000000000000000000000000000000000000000000000000000000000000000000000000000000000000000000000000000000000000000000000000000000000000000000000000000000000000000000000000000000000000000000000000000000000000000000000000000000000000000000000000000000000000000000000000000000000000000000000000000000000000000000000000000000000000000000000000000000000000000000000000000000000000000000000000000000000000000000000000000000000000000000000000000000000000000000000000000000000000000000000000000000000000000000000000000000000000000000000000000000000000000000000000000000000000000000000000000000000000000000000000000000000000000000000000000000000000000000000000000000000000000000000000000000000000000000000000000000000000000000000000000000000000000000000000000000000000000000000000000000000000000000000000000000000000000000000000000000000000000000000000000000000000000000000000000000000000000000000000000000000000000000000000000000000000000000000000000000000000000000000000000000000000000000000000000000000000000000000000000000000000000000000000000000000000000000000000000000000000000000000000000000000000000000000000000000000000000000000000000000000000000000000000000000000000000000000000000000000000000000000000000000000000000000000000000000000000000000000000000000000000000000000000000000000000000000000000000000000000000000000000000000000000000000000000000000000000000000000000000000000000000000000000000000000000000000000000000000000000000000000000000000000000000000000000000000000000000000000000000000000000000000000000000000000000000000000000000000000000000000000000000000000000000000000000000000000000000000000000000000000000000000000000000000000000000000000000000000000000000000000000000000000000000000000000000000000000000000000000000000000000000000000000000000000000000000000000000000000000000000000000000000000000000000000000000000000000000000000000000000000000000000000000000000000000000000000000000000000000000000000000000000000000000000000000000000000000000000000000000000000000000000000000000000000000000000000000000000000000000000000000000000000000000000000000000000000000000000000000000000000000000000000000000000000000000000000000000000000000000000000000000000000000000000000000000000000000000000000000000000000000000000000000000000000000000000000000000000000000000000000000000000000000000000000000000000000000000000000000000000000000000000000000000000000000000000000000000000000000000000000000000000000000000000000000000000000000000000000000000000000000000000000000000000000000000000000000000000000000000000000000000000000000000000000000000000000000000000000000000000000000000000000000000000000000000000000000000000000000000000000000000000000000000000000000000000000000000000000000000000000000000000000000000000000000000000000000000000000000000000000000000000000000000000000000000000000000000000000000000000000000000000000000000000000000000000000000000000000000000000000000000000000000000000000000000000000000000000000000000000000000000000000000000000000000000000000000000000000000000000000000000000000000000000000000000000000000000000000000000000000000000000000000000000000000000000000000000000000000000000000000000000000000000000000000000000)
INSERT [dbo].[UserPhoto] ([Id], [UserId], [Image]) VALUES (2, 5, 0x7DDF03376F28A38F463E619E65624C1A958C29B2A5F078710FB4116C86E886DB1AE96507A1CC170C56DC9FCB3CC09F9F71D8C543728C2B8C669127BB1736085EB785837BFD4479C8741D5BC950AC344F1572FAAE2343698DBED8A00FA55CF41FD34113B63C23A22D5FFCCE5430613CB95CD7A6A53B5A3B741CF6BD24A4692218293CF60F997E13F2CFCD4F2674145D5C9CE6B2CDB64FE379069F9A46667E88F5DAB62BF46B2D20DEC4B4D56E0A140008986087BDB65462D9587C08FAE3CD8B51445A4CBEE868F16FC6D4090279756EF19E91AD05F6CB3E8554519CEE2426FAF6288329B0C8421F306E18F6E24B6060E20D165B5220865B791BC66996CC024AA0D913D9F64CBE295C727D97DED45B3AF4F1B9E00ECAA8D6A228AF9401D889636BCE00000000000000000000000000000000000000000000000000000000000000000000000000000000000000000000000000000000000000000000000000000000000000000000000000000000000000000000000000000000000000000000000000000000000000000000000000000000000000000000000000000000000000000000000000000000000000000000000000000000000000000000000000000000000000000000000000000000000000000000000000000000000000000000000000000000000000000000000000000000000000000000000000000000000000000000000000000000000000000000000000000000000000000000000000000000000000000000000000000000000000000000000000000000000000000000000000000000000000000000000000000000000000000000000000000000000000000000000000000000000000000000000000000000000000000000000000000000000000000000000000000000000000000000000000000000000000000000000000000000000000000000000000000000000000000000000000000000000000000000000000000000000000000000000000000000000000000000000000000000000000000000000000000000000000000000000000000000000000000000000000000000000000000000000000000000000000000000000000000000000000000000000000000000000000000000000000000000000000000000000000000000000000000000000000000000000000000000000000000000000000000000000000000000000000000000000000000000000000000000000000000000000000000000000000000000000000000000000000000000000000000000000000000000000000000000000000000000000000000000000000000000000000000000000000000000000000000000000000000000000000000000000000000000000000000000000000000000000000000000000000000000000000000000000000000000000000000000000000000000000000000000000000000000000000000000000000000000000000000000000000000000000000000000000000000000000000000000000000000000000000000000000000000000000000000000000000000000000000000000000000000000000000000000000000000000000000000000000000000000000000000000000000000000000000000000000000000000000000000000000000000000000000000000000000000000000000000000000000000000000000000000000000000000000000000000000000000000000000000000000000000000000000000000000000000000000000000000000000000000000000000000000000000000000000000000000000000000000000000000000000000000000000000000000000000000000000000000000000000000000000000000000000000000000000000000000000000000000000000000000000000000000000000000000000000000000000000000000000000000000000000000000000000000000000000000000000000000000000000000000000000000000000000000000000000000000000000000000000000000000000000000000000000000000000000000000000000000000000000000000000000000000000000000000000000000000000000000000000000000000000000000000000000000000000000000000000000000000000000000000000000000000000000000000000000000000000000000000000000000000000000000000000000000000000000000000000000000000000000000000000000000000000000000000000000000000000000000000000000000000000000000000000000000000000000000000000000000000000000000000000000000000000000000000000000000000000000000000000000000000000000000000000000000000000000000000000000000000000000000000000000000000000000000000000000000000000000000000000000000000000000000000000000000000000000000000000000000000000000000000000000000000000000000000000000000000000000000000000000000000000000000000000000000000000000000000000000000000000000000000000000000000000000000000000000000000000000000000000000000000000000000000000000000000000000000000000000000000000000000000000000000000000000000000000000000000000000000000000000000000000000000000000000000000000000000000000000000000000000000000000000000000000000000000000000000000000000000000000000000000000000000000000000000000000000000000000000000000000000000000000000000000000000000000000000000000000000000000000000000000000000000000000000000000000000000000000000000000000000000000000000000000000000000000000000000000000000000000000000000000000000000000000000000000000000000000000000000000000000000000000000000000000000000000000000000000000000000000000000000000000000000000000000000000000000000000000000000000000000000000000000000000000000000000000000000000000000000000000000000000000000000000000000000000000000000000000000000000000000000000000000000000000000000000000000000000000000000000000000000000000000000000000000000000000000000000000000000000000000000000000000000000000000000000000000000000000000000000000000000000000000000000000000000000000000000000000000000000000000000000000000000000000000000000000000000000000000000000000000000000000000000000000000000000000000000000000000000000000000000000000000000000000000000000000000000000000000000000000000000000000000000000000000000000000000000000000000000000000000000000000000000000000000000000000000000000000000000000000000000000000000000000000000000000000000000000000000000000000000000000000000000000000000000000000000000000000000000000000000000000000000000000000000000000000000000000000000000000000000000000000000000000000000000000000000000000000000000000000000000000000000000000000000000000000000000000000000000000000000000000000000000000000000000000000000000000000000000000000000000000000000000000000000000000000000000000000000000000000000000000000000000000000000000000000000000000000000000000000000000000000000000000000000000000000000000000000000000000000000000000000000000000000000000000000000000000000000000000000000000000000000000000000000000000000000000000000000000000000000000000000000000000000000000000000000000000000000000000000000000000000000000000000000000000000000000000000000000000000000000000000000000000000000000000000000000000000000000000000000000000000000000000000000000000000000000000000000000000000000000000000000000000000000000000000000000000000000000000000000000000000000000000000000000000000000000000000000000000000000000000000000000000000000000000000000000000000000000000000000000000000000000000000000000000000000000000000000000000000000000000000000000000000000000000000000000000000000000000000000000000000000000000000000000000000000000000000000000000000000000000000000000000000000000000000000000000000000000000000000000000000000000000000000000000000000000000000000000000000000000000000000000000000000000000000000000000000000000000000000000000000000000000000000000000000000000000000000000000000000000000000000000000000000000000000000000000000000000000000000000000000000000000000000000000000000000000000000000000000000000000000000000000000000000000000000000000000000000000000000000000000000000000000000000000000000000000000000000000000000000000000000000000000000000000000000000000000000000000000000000000000000000000000000000000000000000000000000000000000000000000000000000000000000000000000000000000000000000000000000000000000000000000000000000000000000000000000000000000000000000000000000000000000000000000000000000000000000000000000000000000000000000000000000000000000000000000000000000000000000000000000000000000000000000000000000000000000000000000000000000000000000000000000000000000000000000000000000000000000000000000000000000000000000000000000000000000000000000000000000000000000000000000000000000000000000000000000000000000000000000000000000000000000000000000000000000000000000000000000000000000000000000000000000000000000000000000000000000000000000000000000000000000000000000000000000000000000000000000000000000000000000000000000000000000000000000000000000000000000000000000000000000000000000000000000000000000000000000000000000000000000000000000000000000000000000000000000000000000000000000000000000000000000000000000000000000000000000000000000000000000000000000000000000000000000000000000000000000000000000000000000000000000000000000000000000000000000000000000000000000000000000000000000000000000000000000000000000000000000000000000000000000000000000000000000000000000000000000000000000000000000000000000000000000000000000000000000000000000000000000000000000000000000000000000000000000000000000000000000000000000000000000000000000000000000000000000000000000000000000000000000000000000000000000000000000000000000000000000000000000000000000000000000000000000000000000000000000000000000000000000000000000000000000000000000000000000000000000000000000000000000000000000000000000000000000000000000000000000000000000000000000000000000000000000000000000000000000000000000000000000000000000000000000000000000000000000000000000000000000000000000000000000000000000000000000000000000000000000000000000000000000000000000000000000000000000000000000000000000000000000000000000000000000000000000000000000000000000000000000000000000000000000000000000000000000000000000000000000000000000000000000000000000000000000000000000000000000000000000000000000000000000000000000000000000000000000000000000000000000000000000000000000000000000000000000000000000000000000000000000000000000000000000000000000000000000000000000000000000000000000000000000000000000000000000000000000000000000000000000000000000000000000000000000000000000000000000000000000000000000000000000000000000000000000000000000000000000000000000000000000000000000000000000000000000000000000000000000000000000000000000000000000000000000000000000000000000000000000000000000000000000000000000000000000000000000000000000000000000000000000000000000000000000000000000000000000000000000000000000000000000000000000000000000000000000000000000000000000000000000000000000000000000000000000000000000000000000000000000000000000000000000000000000000000000000000000000000000000000000000000000000000000000000000000000000000000000000000000000000000000000000000000000000000000000000000000000000000000000000000000000000000000000000000000000000000000000000000000000000000000000000000000000000000000000000000000000000000000000000000000000000000000000000000000000000000000000000000000000000000000000)
INSERT [dbo].[UserPhoto] ([Id], [UserId], [Image]) VALUES (3, 4, 0x0937866A964FEDFEDFA2EF7DA4BF8C75A513223CD5303C37CD9C292784E9192B107E52026E87239120CCC833B3AB0AD47462E350499181D8FB4E9CF925C67AF689C46D266D8A071DF0901B08670884229155B22105C9E17EFC79071FEA296C5952D1AAEE3EE467EA5BC55FB9757870F2C97A67D01458F1BFE2EE2AF383E733C624C2B6965E95E4ADEDC7C63F6928088409155670C19B45F9E0EA0B4FBA746773929994B3C1DA933396BAE24C92B256BAE6A5EA6D91C305887CBDB5738994F3796052ACD09354C22E8122D907B9F9662D9451681489F9E1CF940B3704241FA901C669EC4005852792E3BBEC6FE9FDCF825687DF382BDFEF6670DD3C871CBD096178D8404F0D26280E29D630CE0D72E6963CB4AE9C4071D5E77985CF28499F7526B18BF610BD7F752F5FD00F55AE2159FEF6A54B680E6C20070258D58757FFC58A610A1C827BD5D9BC3F7F3D70618039582CD131A4530C17456AEF0E64AAEED7600B84F3A405D78221CC8F298F2FAFA5821F7D5A86CD203654F2D7178CC7741250A7DC65DD8C9453554F10D8C4E38715BA4A8C452D935193EA4E9EB12DBFF65A577DD8E8534AC8F58A290537BC4872716BC15C423B2FE5BC55497B8EEEE3259558B680460B9FC1708196BB038E1AD6A1DC2D466C63B31F28981B930ACE3907A7036FDE06C82B65CCFFEBC0A474E12E3A72D9B2C09CB932A59758AEEF0BB7A1478F13001F3CCFD9B1C87A6C77F37AB4B7ED5897F587460A493D386F6F7C75C0474A781460E00EFDA30000F8224DBBB11CA3F702B220ACBF4909B6E20360693452B9242D7A6654D6DE5BF3F4874EE7FC818753CC85730D279DB9CB562A0000000000000000000000000000000000000000000000000000000000000000000000000000000000000000000000000000000000000000000000000000000000000000000000000000000000000000000000000000000000000000000000000000000000000000000000000000000000000000000000000000000000000000000000000000000000000000000000000000000000000000000000000000000000000000000000000000000000000000000000000000000000000000000000000000000000000000000000000000000000000000000000000000000000000000000000000000000000000000000000000000000000000000000000000000000000000000000000000000000000000000000000000000000000000000000000000000000000000000000000000000000000000000000000000000000000000000000000000000000000000000000000000000000000000000000000000000000000000000000000000000000000000000000000000000000000000000000000000000000000000000000000000000000000000000000000000000000000000000000000000000000000000000000000000000000000000000000000000000000000000000000000000000000000000000000000000000000000000000000000000000000000000000000000000000000000000000000000000000000000000000000000000000000000000000000000000000000000000000000000000000000000000000000000000000000000000000000000000000000000000000000000000000000000000000000000000000000000000000000000000000000000000000000000000000000000000000000000000000000000000000000000000000000000000000000000000000000000000000000000000000000000000000000000000000000000000000000000000000000000000000000000000000000000000000000000000000000000000000000000000000000000000000000000000000000000000000000000000000000000000000000000000000000000000000000000000000000000000000000000000000000000000000000000000000000000000000000000000000000000000000000000000000000000000000000000000000000000000000000000000000000000000000000000000000000000000000000000000000000000000000000000000000000000000000000000000000000000000000000000000000000000000000000000000000000000000000000000000000000000000000000000000000000000000000000000000000000000000000000000000000000000000000000000000000000000000000000000000000000000000000000000000000000000000000000000000000000000000000000000000000000000000000000000000000000000000000000000000000000000000000000000000000000000000000000000000000000000000000000000000000000000000000000000000000000000000000000000000000000000000000000000000000000000000000000000000000000000000000000000000000000000000000000000000000000000000000000000000000000000000000000000000000000000000000000000000000000000000000000000000000000000000000000000000000000000000000000000000000000000000000000000000000000000000000000000000000000000000000000000000000000000000000000000000000000000000000000000000000000000000000000000000000000000000000000000000000000000000000000000000000000000000000000000000000000000000000000000000000000000000000000000000000000000000000000000000000000000000000000000000000000000000000000000000000000000000000000000000000000000000000000000000000000000000000000000000000000000000000000000000000000000000000000000000000000000000000000000000000000000000000000000000000000000000000000000000000000000000000000000000000000000000000000000000000000000000000000000000000000000000000000000000000000000000000000000000000000000000000000000000000000000000000000000000000000000000000000000000000000000000000000000000000000000000000000000000000000000000000000000000000000000000000000000000000000000000000000000000000000000000000000000000000000000000000000000000000000000000000000000000000000000000000000000000000000000000000000000000000000000000000000000000000000000000000000000000000000000000000000000000000000000000000000000000000000000000000000000000000000000000000000000000000000000000000000000000000000000000000000000000000000000000000000000000000000000000000000000000000000000000000000000000000000000000000000000000000000000000000000000000000000000000000000000000000000000000000000000000000000000000000000000000000000000000000000000000000000000000000000000000000000000000000000000000000000000000000000000000000000000000000000000000000000000000000000000000000000000000000000000000000000000000000000000000000000000000000000000000000000000000000000000000000000000000000000000000000000000000000000000000000000000000000000000000000000000000000000000000000000000000000000000000000000000000000000000000000000000000000000000000000000000000000000000000000000000000000000000000000000000000000000000000000000000000000000000000000000000000000000000000000000000000000000000000000000000000000000000000000000000000000000000000000000000000000000000000000000000000000000000000000000000000000000000000000000000000000000000000000000000000000000000000000000000000000000000000000000000000000000000000000000000000000000000000000000000000000000000000000000000000000000000000000000000000000000000000000000000000000000000000000000000000000000000000000000000000000000000000000000000000000000000000000000000000000000000000000000000000000000000000000000000000000000000000000000000000000000000000000000000000000000000000000000000000000000000000000000000000000000000000000000000000000000000000000000000000000000000000000000000000000000000000000000000000000000000000000000000000000000000000000000000000000000000000000000000000000000000000000000000000000000000000000000000000000000000000000000000000000000000000000000000000000000000000000000000000000000000000000000000000000000000000000000000000000000000000000000000000000000000000000000000000000000000000000000000000000000000000000000000000000000000000000000000000000000000000000000000000000000000000000000000000000000000000000000000000000000000000000000000000000000000000000000000000000000000000000000000000000000000000000000000000000000000000000000000000000000000000000000000000000000000000000000000000000000000000000000000000000000000000000000000000000000000000000000000000000000000000000000000000000000000000000000000000000000000000000000000000000000000000000000000000000000000000000000000000000000000000000000000000000000000000000000000000000000000000000000000000000000000000000000000000000000000000000000000000000000000000000000000000000000000000000000000000000000000000000000000000000000000000000000000000000000000000000000000000000000000000000000000000000000000000000000000000000000000000000000000000000000000000000000000000000000000000000000000000000000000000000000000000000000000000000000000000000000000000000000000000000000000000000000000000000000000000000000000000000000000000000000000000000000000000000000000000000000000000000000000000000000000000000000000000000000000000000000000000000000000000000000000000000000000000000000000000000000000000000000000000000000000000000000000000000000000000000000000000000000000000000000000000000000000000000000000000000000000000000000000000000000000000000000000000000000000000000000000000000000000000000000000000000000000000000000000000000000000000000000000000000000000000000000000000000000000000000000000000000000000000000000000000000000000000000000000000000000000000000000000000000000000000000000000000000000000000000000000000000000000000000000000000000000000000000000000000000000000000000000000000000000000000000000000000000000000000000000000000000000000000000000000000000000000000000000000000000000000000000000000000000000000000000000000000000000000000000000000000000000000000000000000000000000000000000000000000000000000000000000000000000000000000000000000000000000000000000000000000000000000000000000000000000000000000000000000000000000000000000000000000000000000000000000000000000000000000000000000000000000000000000000000000000000000000000000000000000000000000000000000000000000000000000000000000000000000000000000000000000000000000000000000000000000000000000000000000000000000000000000000000000000000000000000000000000000000000000000000000000000000000000000000000000000000000000000000000000000000000000000000000000000000000000000000000000000000000000000000000000000000000000000000000000000000000000000000000000000000000000000000000000000000000000000000000000000000000000000000000000000000000000000000000000000000000000000000000000000000000000000000000000000000000000000000000000000000000000000000000000000000000000000000000000000000000000000000000000000000000000000000000000000000000000000000000000000000000000000000000000000000000000000000000000000000000000000000000000000000000000000000000000000000000000000000000000000000000000000000000000000000000000000000000000000000000000000000000000000000000000000000000000000000000000000000000000000000000000000000000000000000000000000000000000000000000000000000000000000000000000000000000000000000000000000000000000000000000000000000000000000000000000000000000000000000000000000000000000000000000000000000000000000000000000000000000000000000000000000000000000000000000000000000000000000000000000000000000000000000000000000000000000000000000000000000000000000000000000000000000000000000000000000000000000000000000000000000000000000000000000000000000000000000000000000000000000000000000000000000)
INSERT [dbo].[UserPhoto] ([Id], [UserId], [Image]) VALUES (4, 3, 0xF94397CCA568298E37B54F2124572DB838FA21BA607C0C9DAFDFACFD8FC19BFDABB161B05DBBA87FD3F34F9D7C644EB6FAE580D03470CC7C36FA1CC6BC2BFE761A527572F57C5A7D52A2E76C2D6F214B90F603A941CBC83BE5E479639EE1C3A7F5D98329EEDCC07D8A027E92885F4FC7D9D136C62854354F89398D1002F7DF70DF407653ECF75CB335851F3E4D36B28595B28ACDAAFD7EA0A434A0B54EAF7A92230DB248E9FBDAE1748290A235F6015386077B506D11C5E2C1D6AFB856A765860B8C1A3F836A9C99D8A858276CDB6BAD324D2E46332A241147D086124C228BCD1D0A97A8DCC2CF1C6BE277C5B99D75E66A018509781E52E16808F8B2E3894CB51C8A0A6243C3D1707D12DB51B25F58A95BA0A84A9C8155FFB7B640D3C91D38E295C2A82F9312A2A730158B6542002E08B04E5743E102189B350AAA8D83FDA660D9F9BCEFB6291548FD001A87F5EFBCB78737227AC5F50093AA0DF989681524326E2B8B49443E5187390F46E0E791A5454DF3054BDB2B9BE4F82845A92F8CDFE8DCE718CA63737349E59B41B5AF1FAB1868B33B740FD8574290A7501BF8A858AC2F5D040078DAE2DA80BC663FEAE535D87D2C417B506AD80490D53ABC2257503C439485511BAAA08DD161F452721758AA71789DCC67DC5CC4840070A3A026B8286C29FC555FE4BCD28CB3AAEF768691787C8F4BA9B983D56638C0CC1B3AFDEDABA9CCE6491B024B8CBBCA3FB3326C4EFE6EF72610DB0E6EE853951C9E18A1988FC6FE46A99F485C7944BEEEEE442133CB72CDAD42D6DCD09B5DFDF585E6AC741932B0ED3326A55E269BACCB1C1F7FA43261502C4AF455B8E92EAB4CA253D7939849D4BC943400A5CD6F87A72A11B37BDE59C323957F2A25DDF704047B58BCD30000000000000000000000000000000000000000000000000000000000000000000000000000000000000000000000000000000000000000000000000000000000000000000000000000000000000000000000000000000000000000000000000000000000000000000000000000000000000000000000000000000000000000000000000000000000000000000000000000000000000000000000000000000000000000000000000000000000000000000000000000000000000000000000000000000000000000000000000000000000000000000000000000000000000000000000000000000000000000000000000000000000000000000000000000000000000000000000000000000000000000000000000000000000000000000000000000000000000000000000000000000000000000000000000000000000000000000000000000000000000000000000000000000000000000000000000000000000000000000000000000000000000000000000000000000000000000000000000000000000000000000000000000000000000000000000000000000000000000000000000000000000000000000000000000000000000000000000000000000000000000000000000000000000000000000000000000000000000000000000000000000000000000000000000000000000000000000000000000000000000000000000000000000000000000000000000000000000000000000000000000000000000000000000000000000000000000000000000000000000000000000000000000000000000000000000000000000000000000000000000000000000000000000000000000000000000000000000000000000000000000000000000000000000000000000000000000000000000000000000000000000000000000000000000000000000000000000000000000000000000000000000000000000000000000000000000000000000000000000000000000000000000000000000000000000000000000000000000000000000000000000000000000000000000000000000000000000000000000000000000000000000000000000000000000000000000000000000000000000000000000000000000000000000000000000000000000000000000000000000000000000000000000000000000000000000000000000000000000000000000000000000000000000000000000000000000000000000000000000000000000000000000000000000000000000000000000000000000000000000000000000000000000000000000000000000000000000000000000000000000000000000000000000000000000000000000000000000000000000000000000000000000000000000000000000000000000000000000000000000000000000000000000000000000000000000000000000000000000000000000000000000000000000000000000000000000000000000000000000000000000000000000000000000000000000000000000000000000000000000000000000000000000000000000000000000000000000000000000000000000000000000000000000000000000000000000000000000000000000000000000000000000000000000000000000000000000000000000000000000000000000000000000000000000000000000000000000000000000000000000000000000000000000000000000000000000000000000000000000000000000000000000000000000000000000000000000000000000000000000000000000000000000000000000000000000000000000000000000000000000000000000000000000000000000000000000000000000000000000000000000000000000000000000000000000000000000000000000000000000000000000000000000000000000000000000000000000000000000000000000000000000000000000000000000000000000000000000000000000000000000000000000000000000000000000000000000000000000000000000000000000000000000000000000000000000000000000000000000000000000000000000000000000000000000000000000000000000000000000000000000000000000000000000000000000000000000000000000000000000000000000000000000000000000000000000000000000000000000000000000000000000000000000000000000000000000000000000000000000000000000000000000000000000000000000000000000000000000000000000000000000000000000000000000000000000000000000000000000000000000000000000000000000000000000000000000000000000000000000000000000000000000000000000000000000000000000000000000000000000000000000000000000000000000000000000000000000000000000000000000000000000000000000000000000000000000000000000000000000000000000000000000000000000000000000000000000000000000000000000000000000000000000000000000000000000000000000000000000000000000000000000000000000000000000000000000000000000000000000000000000000000000000000000000000000000000000000000000000000000000000000000000000000000000000000000000000000000000000000000000000000000000000000000000000000000000000000000000000000000000000000000000000000000000000000000000000000000000000000000000000000000000000000000000000000000000000000000000000000000000000000000000000000000000000000000000000000000000000000000000000000000000000000000000000000000000000000000000000000000000000000000000000000000000000000000000000000000000000000000000000000000000000000000000000000000000000000000000000000000000000000000000000000000000000000000000000000000000000000000000000000000000000000000000000000000000000000000000000000000000000000000000000000000000000000000000000000000000000000000000000000000000000000000000000000000000000000000000000000000000000000000000000000000000000000000000000000000000000000000000000000000000000000000000000000000000000000000000000000000000000000000000000000000000000000000000000000000000000000000000000000000000000000000000000000000000000000000000000000000000000000000000000000000000000000000000000000000000000000000000000000000000000000000000000000000000000000000000000000000000000000000000000000000000000000000000000000000000000000000000000000000000000000000000000000000000000000000000000000000000000000000000000000000000000000000000000000000000000000000000000000000000000000000000000000000000000000000000000000000000000000000000000000000000000000000000000000000000000000000000000000000000000000000000000000000000000000000000000000000000000000000000000000000000000000000000000000000000000000000000000000000000000000000000000000000000000000000000000000000000000000000000000000000000000000000000000000000000000000000000000000000000000000000000000000000000000000000000000000000000000000000000000000000000000000000000000000000000000000000000000000000000000000000000000000000000000000000000000000000000000000000000000000000000000000000000000000000000000000000000000000000000000000000000000000000000000000000000000000000000000000000000000000000000000000000000000000000000000000000000000000000000000000000000000000000000000000000000000000000000000000000000000000000000000000000000000000000000000000000000000000000000000000000000000000000000000000000000000000000000000000000000000000000000000000000000000000000000000000000000000000000000000000000000000000000000000000000000000000000000000000000000000000000000000000000000000000000000000000000000000000000000000000000000000000000000000000000000000000000000000000000000000000000000000000000000000000000000000000000000000000000000000000000000000000000000000000000000000000000000000000000000000000000000000000000000000000000000000000000000000000000000000000000000000000000000000000000000000000000000000000000000000000000000000000000000000000000000000000000000000000000000000000000000000000000000000000000000000000000000000000000000000000000000000000000000000000000000000000000000000000000000000000000000000000000000000000000000000000000000000000000000000000000000000000000000000000000000000000000000000000000000000000000000000000000000000000000000000000000000000000000000000000000000000000000000000000000000000000000000000000000000000000000000000000000000000000000000000000000000000000000000000000000000000000000000000000000000000000000000000000000000000000000000000000000000000000000000000000000000000000000000000000000000000000000000000000000000000000000000000000000000000000000000000000000000000000000000000000000000000000000000000000000000000000000000000000000000000000000000000000000000000000000000000000000000000000000000000000000000000000000000000000000000000000000000000000000000000000000000000000000000000000000000000000000000000000000000000000000000000000000000000000000000000000000000000000000000000000000000000000000000000000000000000000000000000000000000000000000000000000000000000000000000000000000000000000000000000000000000000000000000000000000000000000000000000000000000000000000000000000000000000000000000000000000000000000000000000000000000000000000000000000000000000000000000000000000000000000000000000000000000000000000000000000000000000000000000000000000000000000000000000000000000000000000000000000000000000000000000000000000000000000000000000000000000000000000000000000000000000000000000000000000000000000000000000000000000000000000000000000000000000000000000000000000000000000000000000000000000000000000000000000000000000000000000000000000000000000000000000000000000000000000000000000000000000000000000000000000000000000000000000000000000000000000000000000000000000000000000000000000000000000000000000000000000000000000000000000000000000000000000000000000000000000000000000000000000000000000000000000000000000000000000000000000000000000000000000000000000000000000000000000000000000000000000000000000000000000000000000000000000000000000000000000000000000000000000000000000000000000000000000000000000000000000000000000000000000000000000000000000000000000000000000000000000000000000000000000000000000000000000000000000)
INSERT [dbo].[UserPhoto] ([Id], [UserId], [Image]) VALUES (5, 2, 0x1833D24AC310FE61AB5FDA000000000000000000000000000000000000000000000000000000000000000000000000000000000000000000000000000000000000000000000000000000000000000000000000000000000000000000000000000000000000000000000000000000000000000000000000000000000000000000000000000000000000000000000000000000000000000000000000000000000000000000000000000000000000000000000000000000000000000000000000000000000000000000000000000000000000000000000000000000000000000000000000000000000000000000000000000000000000000000000000000000000000000000000000000000000000000000000000000000000000000000000000000000000000000000000000000000000000000000000000000000000000000000000000000000000000000000000000000000000000000000000000000000000000000000000000000000000000000000000000000000000000000000000000000000000000000000000000000000000000000000000000000000000000000000000000000000000000000000000000000000000000000000000000000000000000000000000000000000000000000000000000000000000000000000000000000000000000000000000000000000000000000000000000000000000000000000000000000000000000000000000000000000000000000000000000000000000000000000000000000000000000000000000000000000000000000000000000000000000000000000000000000000000000000000000000000000000000000000000000000000000000000000000000000000000000000000000000000000000000000000000000000000000000000000000000000000000000000000000000000000000000000000000000000000000000000000000000000000000000000000000000000000000000000000000000000000000000000000000000000000000000000000000000000000000000000000000000000000000000000000000000000000000000000000000000000000000000000000000000000000000000000000000000000000000000000000000000000000000000000000000000000000000000000000000000000000000000000000000000000000000000000000000000000000000000000000000000000000000000000000000000000000000000000000000000000000000000000000000000000000000000000000000000000000000000000000000000000000000000000000000000000000000000000000000000000000000000000000000000000000000000000000000000000000000000000000000000000000000000000000000000000000000000000000000000000000000000000000000000000000000000000000000000000000000000000000000000000000000000000000000000000000000000000000000000000000000000000000000000000000000000000000000000000000000000000000000000000000000000000000000000000000000000000000000000000000000000000000000000000000000000000000000000000000000000000000000000000000000000000000000000000000000000000000000000000000000000000000000000000000000000000000000000000000000000000000000000000000000000000000000000000000000000000000000000000000000000000000000000000000000000000000000000000000000000000000000000000000000000000000000000000000000000000000000000000000000000000000000000000000000000000000000000000000000000000000000000000000000000000000000000000000000000000000000000000000000000000000000000000000000000000000000000000000000000000000000000000000000000000000000000000000000000000000000000000000000000000000000000000000000000000000000000000000000000000000000000000000000000000000000000000000000000000000000000000000000000000000000000000000000000000000000000000000000000000000000000000000000000000000000000000000000000000000000000000000000000000000000000000000000000000000000000000000000000000000000000000000000000000000000000000000000000000000000000000000000000000000000000000000000000000000000000000000000000000000000000000000000000000000000000000000000000000000000000000000000000000000000000000000000000000000000000000000000000000000000000000000000000000000000000000000000000000000000000000000000000000000000000000000000000000000000000000000000000000000000000000000000000000000000000000000000000000000000000000000000000000000000000000000000000000000000000000000000000000000000000000000000000000000000000000000000000000000000000000000000000000000000000000000000000000000000000000000000000000000000000000000000000000000000000000000000000000000000000000000000000000000000000000000000000000000000000000000000000000000000000000000000000000000000000000000000000000000000000000000000000000000000000000000000000000000000000000000000000000000000000000000000000000000000000000000000000000000000000000000000000000000000000000000000000000000000000000000000000000000000000000000000000000000000000000000000000000000000000000000000000000000000000000000000000000000000000000000000000000000000000000000000000000000000000000000000000000000000000000000000000000000000000000000000000000000000000000000000000000000000000000000000000000000000000000000000000000000000000000000000000000000000000000000000000000000000000000000000000000000000000000000000000000000000000000000000000000000000000000000000000000000000000000000000000000000000000000000000000000000000000000000000000000000000000000000000000000000000000000000000000000000000000000000000000000000000000000000000000000000000000000000000000000000000000000000000000000000000000000000000000000000000000000000000000000000000000000000000000000000000000000000000000000000000000000000000000000000000000000000000000000000000000000000000000000000000000000000000000000000000000000000000000000000000000000000000000000000000000000000000000000000000000000000000000000000000000000000000000000000000000000000000000000000000000000000000000000000000000000000000000000000000000000000000000000000000000000000000000000000000000000000000000000000000000000000000000000000000000000000000000000000000000000000000000000000000000000000000000000000000000000000000000000000000000000000000000000000000000000000000000000000000000000000000000000000000000000000000000000000000000000000000000000000000000000000000000000000000000000000000000000000000000000000000000000000000000000000000000000000000000000000000000000000000000000000000000000000000000000000000000000000000000000000000000000000000000000000000000000000000000000000000000000000000000000000000000000000000000000000000000000000000000000000000000000000000000000000000000000000000000000000000000000000000000000000000000000000000000000000000000000000000000000000000000000000000000000000000000000000000000000000000000000000000000000000000000000000000000000000000000000000000000000000000000000000000000000000000000000000000000000000000000000000000000000000000000000000000000000000000000000000000000000000000000000000000000000000000000000000000000000000000000000000000000000000000000000000000000000000000000000000000000000000000000000000000000000000000000000000000000000000000000000000000000000000000000000000000000000000000000000000000000000000000000000000000000000000000000000000000000000000000000000000000000000000000000000000000000000000000000000000000000000000000000000000000000000000000000000000000000000000000000000000000000000000000000000000000000000000000000000000000000000000000000000000000000000000000000000000000000000000000000000000000000000000000000000000000000000000000000000000000000000000000000000000000000000000000000000000000000000000000000000000000000000000000000000000000000000000000000000000000000000000000000000000000000000000000000000000000000000000000000000000000000000000000000000000000000000000000000000000000000000000000000000000000000000000000000000000000000000000000000000000000000000000000000000000000000000000000000000000000000000000000000000000000000000000000000000000000000000000000000000000000000000000000000000000000000000000000000000000000000000000000000000000000000000000000000000000000000000000000000000000000000000000000000000000000000000000000000000000000000000000000000000000000000000000000000000000000000000000000000000000000000000000000000000000000000000000000000000000000000000000000000000000000000000000000000000000000000000000000000000000000000000000000000000000000000000000000000000000000000000000000000000000000000000000000000000000000000000000000000000000000000000000000000000000000000000000000000000000000000000000000000000000000000000000000000000000000000000000000000000000000000000000000000000000000000000000000000000000000000000000000000000000000000000000000000000000000000000000000000000000000000000000000000000000000000000000000000000000000000000000000000000000000000000000000000000000000000000000000000000000000000000000000000000000000000000000000000000000000000000000000000000000000000000000000000000000000000000000000000000000000000000000000000000000000000000000000000000000000000000000000000000000000000000000000000000000000000000000000000000000000000000000000000000000000000000000000000000000000000000000000000000000000000000000000000000000000000000000000000000000000000000000000000000000000000000000000000000000000000000000000000000000000000000000000000000000000000000000000000000000000000000000000000000000000000000000000000000000000000000000000000000000000000000000000000000000000000000000000000000000000000000000000000000000000000000000000000000000000000000000000000000000000000000000000000000000000000000000000000000000000000000000000000000000000000000000000000000000000000000000000000000000000000000000000000000000000000000000000000000000000000000000000000000000000000000000000000000000000000000000000000000000000000000000000000000000000000000000000000000000000000000000000000000000000000000000000000000000000000000000000000000000000000000000000000000000000000000000000000000000000000000000000000000000000000000000000000000000000000000000000000000000000000000000000000000000000000000000000000000000000000000000000000000000000000000000000000000000000000000000000000000000000000000000000000000000000000000000000000000000000000000000000000000000000000000000000000000000000000000000000000000000000000000000000000000000000000000000000000000000000000000000000000000000000000000000000000000000000000000000000000000000000000000000000000000000000000000000000000000000000000000000000000000000000000000000000000000000000000000000000000000000000000000000000000000000000000000000000000000000000000000000000000000000000000000000000000000000000000000000000000000000000000000000000000000000000000000000000000000000000000000000000000000000000000000000000000000000000000000000000000000000000000000000000000000000000000000000000000000000000000000000000000000000000000000000000000000000000000000000000000000000)
SET IDENTITY_INSERT [dbo].[UserPhoto] OFF
/****** Object:  Table [dbo].[Template]    Script Date: 11/08/2011 14:22:52 ******/
SET IDENTITY_INSERT [dbo].[Template] ON
INSERT [dbo].[Template] ([Id], [PhotographerId]) VALUES (1, 4)
INSERT [dbo].[Template] ([Id], [PhotographerId]) VALUES (2, 5)
INSERT [dbo].[Template] ([Id], [PhotographerId]) VALUES (3, 4)
INSERT [dbo].[Template] ([Id], [PhotographerId]) VALUES (4, 3)
INSERT [dbo].[Template] ([Id], [PhotographerId]) VALUES (5, 2)
SET IDENTITY_INSERT [dbo].[Template] OFF
/****** Object:  Table [dbo].[Album]    Script Date: 11/08/2011 14:22:52 ******/
SET IDENTITY_INSERT [dbo].[Album] ON
INSERT [dbo].[Album] ([Id], [PhotographerId], [Name], [Description], [Date]) VALUES (1, 4, N'Glenda61', N'Sed delerium. pladior eggredior. apparens Pro plorum pladior sed et eggredior. sed quis Quad delerium. eudis apparens', CAST(0x461B0B00 AS Date))
INSERT [dbo].[Album] ([Id], [PhotographerId], [Name], [Description], [Date]) VALUES (2, 5, N'Aisha485', N'eggredior. quo delerium. habitatio quantare travissimantor nomen funem. imaginator plorum gravis quantare', CAST(0x8F280B00 AS Date))
INSERT [dbo].[Album] ([Id], [PhotographerId], [Name], [Description], [Date]) VALUES (3, 4, N'Anthony9', N'venit. plurissimum esset si homo, et rarendum imaginator habitatio quis gravis vobis nomen vobis et Quad', CAST(0x24E80A00 AS Date))
INSERT [dbo].[Album] ([Id], [PhotographerId], [Name], [Description], [Date]) VALUES (4, 3, N'Roger', N'travissimantor quad apparens eggredior. quo non transit. non delerium. Quad gravis gravis eggredior. vantis. in', CAST(0x950B0B00 AS Date))
INSERT [dbo].[Album] ([Id], [PhotographerId], [Name], [Description], [Date]) VALUES (5, 2, N'Janelle59', N'quantare si non in quo cognitio, quo, et et ut vobis sed plorum quartu nomen egreddior fecit, vobis funem. quoque in', CAST(0x5A140B00 AS Date))
SET IDENTITY_INSERT [dbo].[Album] OFF
/****** Object:  Table [dbo].[Phone]    Script Date: 11/08/2011 14:22:52 ******/
SET IDENTITY_INSERT [dbo].[Phone] ON
INSERT [dbo].[Phone] ([Id], [ContactId], [Number]) VALUES (1, 4, N'65934')
INSERT [dbo].[Phone] ([Id], [ContactId], [Number]) VALUES (2, 5, N'50261')
INSERT [dbo].[Phone] ([Id], [ContactId], [Number]) VALUES (3, 4, N'67883')
INSERT [dbo].[Phone] ([Id], [ContactId], [Number]) VALUES (4, 3, N'54978')
INSERT [dbo].[Phone] ([Id], [ContactId], [Number]) VALUES (5, 2, N'14295')
SET IDENTITY_INSERT [dbo].[Phone] OFF
/****** Object:  Table [dbo].[KeyWord]    Script Date: 11/08/2011 14:22:52 ******/
SET IDENTITY_INSERT [dbo].[KeyWord] ON
INSERT [dbo].[KeyWord] ([Id], [PhotographerId], [Value]) VALUES (1, 4, N'6QD1JNSCM8QPY0CEI12FOP41J1S5T5CR2P42VUOR7JSA7CQKJGQ9LTVGMCIHVNIGVZM9W9INDB75XTU6B8MDF259TN')
INSERT [dbo].[KeyWord] ([Id], [PhotographerId], [Value]) VALUES (2, 5, N'JC6WK0BE7PHO9X2WALPJTIB6M051TTDF8UZA6EN5LEMHUJCFC6VO43L1109JVALEC1FFYRPVYKYFVTC3OPOMYOB58X96539BS85S3XHLH0QJ5657O6')
INSERT [dbo].[KeyWord] ([Id], [PhotographerId], [Value]) VALUES (3, 4, N'5LZFNQA60HJPVAMMNOJZQ72')
INSERT [dbo].[KeyWord] ([Id], [PhotographerId], [Value]) VALUES (4, 3, N'YYR01S2IZ74PTSI2TQH3XAV9IJHJ465XIUHOY947F1QN6WTV5H6ZQZ7N3IHHAJDS266YAT3JL9OWJ72LQMDM057JNTLGRMXVNXL0QVKCDMEHAA4WFWRO6QSWYNBH8NRYCS8LL2VV109DRP8CPO1VV8PX5O12J33QUF5I1IAC0WN5')
INSERT [dbo].[KeyWord] ([Id], [PhotographerId], [Value]) VALUES (5, 2, N'E59EZSJMW333BGX1SBYXIJCKQA6EOUYLJFQJSOJBK4YB1FP1DB8KO8ZVTONOL5Y14IJWQE83RNDDK0IBK51CMDWBGVP31UPF6X6JVTB')
SET IDENTITY_INSERT [dbo].[KeyWord] OFF
/****** Object:  Table [dbo].[Photo]    Script Date: 11/08/2011 14:22:52 ******/
SET IDENTITY_INSERT [dbo].[Photo] ON
INSERT [dbo].[Photo] ([Id], [AlbumId], [Name], [Description], [Date], [Image]) VALUES (1, 5, N'Patrice256', N'Id et si quartu vobis si quartu manifestum brevens, non et quo, et trepicandor ut nomen quantare in rarendum', CAST(0x190A0B00 AS Date), 0x424DA6170000000000003600000028000000640000000F000000010020000000000000000000C40E0000C40E00000000000000000000E9C720FFE9C720FFE9C720FFE9C720FFE9C720FFE9C720FFE9C720FFE9C720FFE9C720FFE9C720FFE9C720FFE9C720FFE9C720FFE9C720FFE9C720FFE9C720FFE9C720FFE9C720FFE9C720FFE9C720FFE9C720FFE9C720FFE9C720FFE9C720FFE9C720FFE9C720FFE9C720FFE9C720FFE9C720FFE9C720FFE9C720FFE9C720FFE9C720FFE9C720FFE9C720FFE9C720FFE9C720FFE9C720FFE9C720FFE9C720FFE9C720FFE9C720FFE9C720FFE9C720FFE9C720FFE9C720FFE9C720FFE9C720FFE9C720FFE9C720FFE9C720FFE9C720FFE9C720FFE9C720FFE9C720FFE9C720FFE9C720FFE9C720FFE9C720FFE9C720FFE9C720FFE9C720FFE9C720FFE9C720FFE9C720FFE9C720FFE9C720FFE9C720FFE9C720FFE9C720FFE9C720FFE9C720FFE9C720FFE9C720FFE9C720FFE9C720FFE9C720FFE9C720FFE9C720FFE9C720FFE9C720FFE9C720FFE9C720FFE9C720FFE9C720FFE9C720FFE9C720FFE9C720FFE9C720FFE9C720FFE9C720FFE9C720FFE9C720FFE9C720FFE9C720FFE9C720FFE9C720FFE9C720FFE9C720FFE9C720FFE9C720FFE9C720FFE9C720FFE9C720FFE9C720FFE9C720FFE9C720FFE9C720FFE9C720FFE9C720FFE9C720FFE9C720FFE9C720FFE9C720FFE9C720FFE9C720FFE9C720FFE9C720FFE9C720FFE9C720FFE9C720FFE9C720FFE9C720FFE9C720FFE9C720FFE9C720FFE9C720FFE9C720FFE9C720FFE9C720FFE9C720FFE9C720FFE9C720FFE9C720FFE9C720FFE9C720FFE9C720FFE9C720FFE9C720FFE9C720FFE9C720FFE9C720FFE9C720FFE9C720FFE9C720FFE9C720FFE9C720FFE9C720FFE9C720FFE9C720FFE9C720FFE9C720FFE9C720FFE9C720FFE9C720FFE9C720FFE9C720FFE9C720FFE9C720FFE9C720FFE9C720FFE9C720FFE9C720FFE9C720FFE9C720FFE9C720FFE9C720FFE9C720FFE9C720FFE9C720FFE9C720FFE9C720FFE9C720FFE9C720FFE9C720FFE9C720FFE9C720FFE9C720FFE9C720FFE9C720FFE9C720FFE9C720FFE9C720FFE9C720FFE9C720FFE9C720FFE9C720FFE9C720FFE9C720FFE9C720FFE9C720FFE9C720FFE9C720FFE9C720FFE9C720FFE9C720FFE9C720FFE9C720FFE9C720FFE9C720FFE9C720FFE9C720FFE9C720FFE9C720FFE9C720FFE9C720FFE9C720FFE9C720FFE9C720FFE9C720FFE9C720FFE9C720FFE9C720FFE9C720FFE9C720FFE9C720FFE9C720FFE9C720FFE9C720FFE9C720FFE9C720FFE9C720FFE9C720FFF8DA20FFFFFFFFFFFFFFFFFFF4F6FFFFE9C720FFE9C720FFE9C720FFE9C720FFE9C720FFE9C720FFE9C720FFE9C720FFE9C720FFE9C720FFE9C720FFF1DA20FFF8EDC3FFE9C77DFFE9C720FFE9C720FFE9C720FFE9C720FFE9C720FFE9C720FFE9C720FFE9C720FFE9C720FFE9C720FFE9C720FFE9C720FFE9C720FFE9C720FFE9C720FFE9C720FFE9C720FFE9C720FFE9C720FFE9C720FFE9C720FFE9C720FFE9C720FFE9C720FFE9C720FFE9C720FFE9C720FFE9C720FFE9C720FFE9C720FFE9C720FFE9C720FFE9C720FFE9C720FFE9C720FFE9C720FFE9C720FFE9C720FFE9C720FFE9C720FFE9C720FFE9C720FFE9C720FFE9C720FFE9C720FFE9C720FFE9C720FFE9C720FFE9C720FFE9C720FFE9C720FFE9C720FFE9C720FFE9C720FFE9C720FFE9C720FFE9C720FFE9C720FFE9C720FFE9C720FFE9C720FFE9C720FFE9C720FFE9C720FFE9C720FFE9C720FFE9C720FFE9C720FFE9C720FFE9C720FFE9C720FFE9C720FFE9C720FFE9C720FFE9C720FFE9C720FFE9C720FFE9C720FFE9C720FFE9C720FFE9C720FFE9C720FFE9C720FFE9C720FFE9C720FFFFED7DFFEDE4E2FFE9C720FFE9C720FFE9C720FFE9C720FFE9C720FFE9C720FFE9C720FFE9C720FFE9C720FFE9C720FFF8ED7DFFF8E4A2FFE9D1A2FFE9C720FFF8DA20FFFFFFFFFFFFFFFFFFF4F6FFFFE9C720FFE9C720FFFFED7DFFFFFFFFFFF8FFFFFFE9C77DFFF1C720FFFFFFC3FFFFFFFFFFF4F6FFFFE9C720FFF1C720FFFFFFC3FFFFFFFFFFF1EDFFFFE9C720FFE9C720FFFFED7DFFFFFFFFFFF8FFFFFFE9C77DFFF1C720FFFFFFC3FFFFFFFFFFF4F6FFFFE9C720FFF1C720FFFFFFC3FFFFFFFFFFF1EDFFFFE9C720FFF1C720FFFFFFC3FFFFFFFFFFF1EDFFFFE9C720FFFBE454FFFFFFFFFFFFFFFFFFF8FFFFFFE9C77DFFE9C720FFE9C720FFE9C720FFE9C720FFE9C720FFE9C720FFE9C720FFE9C720FFE9C720FFE9C720FFE9C720FFE9C720FFE9C720FFE9C720FFE9C720FFF1C720FFFFFFC3FFFFFFFFFFFFFFFFFFFFFFFFFFF8EDFFFFFFFFC3FFFFFFFFFFEDE4E2FFFFF6A2FFF4F6FFFFFBE454FFF8FFFFFFE9C77DFFFFF6A2FFFFFFFFFFFFFFFFFFFFFFFFFFF8FFFFFFE9C77DFFE9C720FFFBE454FFFFFFFFFFFFFFFFFFFBF6E2FFEDE4E2FFE9C720FFFFED7DFFFFFFFFFFFFFFFFFFFFFFFFFFF1EDFFFFE9C720FFE9C720FFE9C720FFFBE454FFFFFFFFFFFFFFFFFFF8FFFFFFE9C77DFFE9C720FFE9C720FFE9C720FFF8E454FFE9D1A2FFF1C720FFF4F6C3FFE9C720FFF8DA20FFE9DAC3FFF8DA20FFEDE4E2FFE9C720FFF8ED7DFFE9C77DFFE9C720FFE9C720FFE9C720FFFBED7DFFE9D1A2FFF1C720FFF4F6C3FFE9C720FFF8DA20FFE9DAC3FFF8DA20FFEDE4E2FFE9C720FFF8ED7DFFE9C77DFFE9C720FFE9C720FFE9C720FFFBED7DFFE9D1A2FFE9C720FFE9C720FFE9C720FFFBED7DFFE9D1A2FFE9C720FFFFED7DFFF1EDFFFFE9C720FFE9C720FFE9C720FFE9C720FFE9C720FFE9C720FFE9C720FFE9C720FFE9C720FFE9C720FFE9C720FFE9C720FFE9C720FFE9C720FFE9C720FFE9C720FFE9C720FFE9C720FFE9C720FFF4D120FFF1EDE2FFE9C720FFE9C720FFF4D120FFF1EDE2FFE9C720FFF8F6A2FFE9C77DFFFBE454FFE9DAC3FFF4D120FFF1EDE2FFE9C720FFE9C720FFFBED7DFFE9D1A2FFE9C720FFF8DA20FFF4F6FFFFE9C720FFE9C720FFFFF6A2FFEDE4E2FFF4D120FFF1EDE2FFE9C720FFE9C720FFE9C720FFE9C720FFE9C720FFE9C720FFE9C720FFE9C720FFF8E454FFF8E4A2FFE9DAC3FFE9C720FFE9C720FFFFED7DFFF8EDC3FFF8FFFFFFE9C77DFFF4D120FFFBF6C3FFFFFFFFFFF8FFFFFFE9C77DFFE9C720FFFFF6A2FFFFFFFFFFF1EDFFFFE9C720FFE9C720FFFFF6A2FFFFFFFFFFFFFFFFFFE9DAC3FFF4D120FFFBF6C3FFFFFFFFFFF8FFFFFFE9C77DFFE9C720FFFFF6A2FFFFFFFFFFF1EDFFFFE9C720FFE9C720FFFFF6A2FFFFFFFFFFFFFFFFFFE9DAC3FFE9C720FFFFF6A2FFFFFFFFFFFFFFFFFFE9DAC3FFE9C720FFE9C720FFFFED7DFFF1EDFFFFE9C720FFE9C720FFE9C720FFE9C720FFE9C720FFE9C720FFE9C720FFE9C720FFE9C720FFE9C720FFE9C720FFE9C720FFE9C720FFE9C720FFE9C720FFE9C720FFE9C720FFE9C720FFF4D120FFF1EDE2FFE9C720FFE9C720FFF4D120FFF1EDE2FFE9C720FFF8F6A2FFE9C77DFFFBE454FFE9DAC3FFE9C720FFFFED7DFFFFFFFFFFFFFFFFFFFBFFFFFFE9D1A2FFE9C720FFFBE454FFE9DAC3FFE9C720FFE9C720FFF8DA20FFEDE4E2FFFBE454FFFFFFFFFFFFFFFFFFFFFFFFFFFFFFFFFFF4F6FFFFE9C720FFE9C720FFE9C720FFF8DA20FFFFFFFFFFFFFFFFFFFBFFFFFFE9D1A2FFF1C720FFF8EDC3FFF8FFC3FFE9C77DFFE9C720FFE9C720FFF8F6A2FFE9C77DFFE9C720FFE9C720FFF4D120FFEDE4C3FFE9C720FFF8F6A2FFE9C77DFFF4D120FFEDE4C3FFE9C720FFF8E454FFE9D1A2FFE9C720FFF8F6A2FFE9C77DFFE9C720FFE9C720FFF4D120FFEDE4C3FFE9C720FFF8F6A2FFE9C77DFFF4D120FFEDE4C3FFE9C720FFF8E454FFE9D1A2FFF4D120FFEDE4C3FFE9C720FFF8E454FFE9D1A2FFF1DA20FFE9C77DFFE9C720FFF8ED7DFFE9C77DFFE9C720FFE9C720FFE9C720FFE9C720FFE9C720FFE9C720FFE9C720FFE9C720FFE9C720FFE9C720FFE9C720FFE9C720FFE9C720FFE9C720FFE9C720FFE9C720FFE9C720FFF4D120FFF1EDE2FFE9C720FFE9C720FFF4D120FFF8FFE2FFE9C77DFFFFF6A2FFE9DAC3FFFBE454FFE9DAC3FFE9C720FFF1DA20FFE9C77DFFE9C720FFFBED7DFFE9D1A2FFE9C720FFF8DA20FFF4F6FFFFE9C720FFF1C720FFFFFFC3FFEDE4E2FFF8DA20FFF4F6FFFFE9C720FFE9C720FFFBE454FFEDE4E2FFE9C720FFE9C720FFE9C720FFE9C720FFF8DA20FFF8EDC3FFEDE4E2FFE9C720FFF1C720FFFFFFC3FFFFFFFFFFF4F6FFFFE9C720FFE9C720FFF8DA20FFFFFFFFFFFFFFFFFFE9DAC3FFE9C720FFFFF6A2FFFFFFFFFFF1EDFFFFE9C720FFE9C720FFFFF6A2FFFFFFFFFFF4F6FFFFE9C720FFE9C720FFF8DA20FFFFFFFFFFFFFFFFFFE9DAC3FFE9C720FFFFF6A2FFFFFFFFFFF1EDFFFFE9C720FFE9C720FFFFF6A2FFFFFFFFFFF4F6FFFFE9C720FFE9C720FFFFF6A2FFFFFFFFFFF4F6FFFFE9C720FFF4D120FFFFFFE2FFFFFFFFFFF1EDFFFFE9C720FFE9C720FFE9C720FFE9C720FFE9C720FFE9C720FFE9C720FFE9C720FFE9C720FFE9C720FFE9C720FFE9C720FFE9C720FFE9C720FFE9C720FFE9C720FFE9C720FFE9C720FFF4D120FFF1EDE2FFE9C720FFF1C720FFFFFFC3FFFFFFFFFFFFFFFFFFF4E4E2FFFFFFC3FFF8FFFFFFE9C77DFFE9C720FFFBE454FFFFFFFFFFFFFFFFFFF4F6FFFFE9C720FFE9C720FFE9C720FFFBE454FFFFFFFFFFFFFFFFFFF8EDC3FFFFFFFFFFE9DAC3FFFBE454FFFFFFFFFFFFFFFFFFF4F6FFFFE9C720FFE9C720FFE9C720FFE9C720FFE9C720FFE9C720FFE9C720FFE9C720FFE9C720FFE9C720FFE9C720FFE9C720FFE9C720FFE9C720FFE9C720FFE9C720FFE9C720FFE9C720FFE9C720FFE9C720FFE9C720FFE9C720FFE9C720FFE9C720FFE9C720FFE9C720FFE9C720FFE9C720FFE9C720FFE9C720FFE9C720FFE9C720FFE9C720FFE9C720FFE9C720FFE9C720FFE9C720FFE9C720FFE9C720FFE9C720FFE9C720FFE9C720FFE9C720FFE9C720FFE9C720FFE9C720FFE9C720FFE9C720FFE9C720FFE9C720FFE9C720FFE9C720FFE9C720FFE9C720FFE9C720FFE9C720FFE9C720FFE9C720FFE9C720FFE9C720FFE9C720FFE9C720FFE9C720FFE9C720FFE9C720FFE9C720FFE9C720FFE9C720FFE9C720FFE9C720FFE9C720FFF4D120FFF1EDE2FFE9C720FFE9C720FFE9C720FFE9C720FFE9C720FFE9C720FFE9C720FFE9C720FFE9C720FFE9C720FFE9C720FFE9C720FFE9C720FFE9C720FFE9C720FFE9C720FFE9C720FFE9C720FFE9C720FFE9C720FFE9C720FFE9C720FFE9C720FFE9C720FFE9C720FFE9C720FFE9C720FFE9C720FFE9C720FFE9C720FFE9C720FFE9C720FFE9C720FFE9C720FFE9C720FFE9C720FFE9C720FFE9C720FFE9C720FFE9C720FFE9C720FFE9C720FFE9C720FFE9C720FFE9C720FFE9C720FFE9C720FFE9C720FFE9C720FFE9C720FFE9C720FFE9C720FFE9C720FFE9C720FFE9C720FFE9C720FFE9C720FFE9C720FFE9C720FFE9C720FFE9C720FFE9C720FFE9C720FFE9C720FFE9C720FFE9C720FFE9C720FFE9C720FFE9C720FFE9C720FFE9C720FFE9C720FFE9C720FFE9C720FFE9C720FFE9C720FFE9C720FFE9C720FFE9C720FFE9C720FFE9C720FFE9C720FFE9C720FFE9C720FFE9C720FFE9C720FFE9C720FFE9C720FFE9C720FFE9C720FFE9C720FFE9C720FFE9C720FFE9C720FFE9C720FFE9C720FFF1C720FFFFFFC3FFFFFFFFFFFFFFFFFFFFFFFFFFF1EDFFFFE9C720FFE9C720FFE9C720FFE9C720FFE9C720FFE9C720FFE9C720FFE9C720FFE9C720FFE9C720FFE9C720FFE9C720FFE9C720FFE9C720FFE9C720FFE9C720FFE9C720FFE9C720FFE9C720FFE9C720FFE9C720FFE9C720FFE9C720FFE9C720FFE9C720FFE9C720FFE9C720FFE9C720FFE9C720FFE9C720FFE9C720FFE9C720FFE9C720FFE9C720FFE9C720FFE9C720FFE9C720FFE9C720FFE9C720FFE9C720FFE9C720FFE9C720FFE9C720FFE9C720FFE9C720FFE9C720FFE9C720FFE9C720FFE9C720FFE9C720FFE9C720FFE9C720FFE9C720FFE9C720FFE9C720FFE9C720FFE9C720FFE9C720FFE9C720FFE9C720FFE9C720FFE9C720FFE9C720FFE9C720FFE9C720FFE9C720FFE9C720FFE9C720FFE9C720FFE9C720FFE9C720FFE9C720FFE9C720FFE9C720FFE9C720FFE9C720FFE9C720FFE9C720FFE9C720FFE9C720FFE9C720FFE9C720FFE9C720FFE9C720FFE9C720FFE9C720FFE9C720FFE9C720FFE9C720FFE9C720FFE9C720FFE9C720FFE9C720FFE9C720FFE9C720FFE9C720FFE9C720FFE9C720FFE9C720FFE9C720FFE9C720FFE9C720FFE9C720FFE9C720FFE9C720FFE9C720FFE9C720FFE9C720FFE9C720FFE9C720FFE9C720FFE9C720FFE9C720FFE9C720FFE9C720FFE9C720FFE9C720FFE9C720FFE9C720FFE9C720FFE9C720FFE9C720FFE9C720FFE9C720FFE9C720FFE9C720FFE9C720FFE9C720FFE9C720FFE9C720FFE9C720FFE9C720FFE9C720FFE9C720FFE9C720FFE9C720FFE9C720FFE9C720FFE9C720FFE9C720FFE9C720FFE9C720FFE9C720FFE9C720FFE9C720FFE9C720FFE9C720FFE9C720FFE9C720FFE9C720FFE9C720FFE9C720FFE9C720FFE9C720FFE9C720FFE9C720FFE9C720FFE9C720FFE9C720FFE9C720FFE9C720FFE9C720FFE9C720FFE9C720FFE9C720FFE9C720FFE9C720FFE9C720FFE9C720FFE9C720FFE9C720FFE9C720FFE9C720FFE9C720FFE9C720FFE9C720FFE9C720FFE9C720FFE9C720FFE9C720FFE9C720FFE9C720FFE9C720FFE9C720FFE9C720FFE9C720FFE9C720FFE9C720FFE9C720FFE9C720FFE9C720FFE9C720FFE9C720FFE9C720FFE9C720FFE9C720FFE9C720FFE9C720FFE9C720FFE9C720FFE9C720FFE9C720FFE9C720FFE9C720FFE9C720FFE9C720FFE9C720FFE9C720FFE9C720FFE9C720FFE9C720FFE9C720FFE9C720FFE9C720FFE9C720FFE9C720FFE9C720FFE9C720FFE9C720FFE9C720FFE9C720FFE9C720FFE9C720FFE9C720FFE9C720FFE9C720FFE9C720FFE9C720FFE9C720FFE9C720FFE9C720FFE9C720FFE9C720FFE9C720FFE9C720FFE9C720FFE9C720FFE9C720FFE9C720FFE9C720FFE9C720FFE9C720FFE9C720FFE9C720FFE9C720FFE9C720FFE9C720FFE9C720FFE9C720FFE9C720FFE9C720FFE9C720FFE9C720FFE9C720FFE9C720FFE9C720FFE9C720FFE9C720FFE9C720FFE9C720FFE9C720FFE9C720FFE9C720FFE9C720FFE9C720FFE9C720FFE9C720FFE9C720FFE9C720FFE9C720FFE9C720FFE9C720FFE9C720FFE9C720FFE9C720FFE9C720FFE9C720FFE9C720FFE9C720FFE9C720FFE9C720FFE9C720FFE9C720FFE9C720FFE9C720FFE9C720FFE9C720FFE9C720FFE9C720FFE9C720FFE9C720FFE9C720FFE9C720FFE9C720FFE9C720FFE9C720FFE9C720FFE9C720FFE9C720FFE9C720FFE9C720FFE9C720FFE9C720FFE9C720FFE9C720FFE9C720FFE9C720FFE9C720FFE9C720FFE9C720FFE9C720FFE9C720FFE9C720FFE9C720FFE9C720FFE9C720FFE9C720FFE9C720FFE9C720FFE9C720FFE9C720FFE9C720FFE9C720FFE9C720FFE9C720FFE9C720FFE9C720FFE9C720FFE9C720FFE9C720FFE9C720FFE9C720FFE9C720FFE9C720FFE9C720FFE9C720FFE9C720FFE9C720FFE9C720FFE9C720FFE9C720FFE9C720FFE9C720FFE9C720FFE9C720FFE9C720FFE9C720FFE9C720FFE9C720FFE9C720FFE9C720FFE9C720FFE9C720FFE9C720FFE9C720FFE9C720FFE9C720FFE9C720FFE9C720FFE9C720FFE9C720FFE9C720FFE9C720FFE9C720FFE9C720FFE9C720FFE9C720FFE9C720FFE9C720FFE9C720FFE9C720FFE9C720FFE9C720FFE9C720FFE9C720FFE9C720FFE9C720FFE9C720FFE9C720FFE9C720FFE9C720FFE9C720FFE9C720FFE9C720FFE9C720FFE9C720FFE9C720FFE9C720FFE9C720FFE9C720FFE9C720FFE9C720FFE9C720FFE9C720FFE9C720FFE9C720FFE9C720FFE9C720FFE9C720FFE9C720FFE9C720FFE9C720FFE9C720FFE9C720FFE9C720FFE9C720FFE9C720FFE9C720FFE9C720FFE9C720FFE9C720FFE9C720FFE9C720FFE9C720FFE9C720FFE9C720FFE9C720FFE9C720FFE9C720FFE9C720FFE9C720FFE9C720FFE9C720FFE9C720FFE9C720FFE9C720FFE9C720FFE9C720FFE9C720FFE9C720FFE9C720FFE9C720FFE9C720FFE9C720FFE9C720FFE9C720FFE9C720FFE9C720FFE9C720FFE9C720FFE9C720FFE9C720FFE9C720FFE9C720FFE9C720FFE9C720FFE9C720FFE9C720FFE9C720FFE9C720FFE9C720FFE9C720FFE9C720FFE9C720FFE9C720FFE9C720FFE9C720FFE9C720FFE9C720FFE9C720FFE9C720FFE9C720FFE9C720FFE9C720FFE9C720FFE9C720FFE9C720FFE9C720FFE9C720FFE9C720FFE9C720FFE9C720FFE9C720FFE9C720FFE9C720FFE9C720FFE9C720FFE9C720FFE9C720FFE9C720FFE9C720FFE9C720FFE9C720FFE9C720FFE9C720FFE9C720FFE9C720FFE9C720FFE9C720FFE9C720FFE9C720FFE9C720FF)
INSERT [dbo].[Photo] ([Id], [AlbumId], [Name], [Description], [Date], [Image]) VALUES (2, 3, N'Ian27', N'travissimantor et transit. Pro quo Tam quantare et estis Id quis pars quantare et quad Pro e novum egreddior', CAST(0x0A160B00 AS Date), 0x424DA6170000000000003600000028000000640000000F000000010020000000000000000000C40E0000C40E00000000000000000000AF62EAFFAF62EAFFAF62EAFFAF62EAFFAF62EAFFAF62EAFFAF62EAFFAF62EAFFAF62EAFFAF62EAFFAF62EAFFAF62EAFFAF62EAFFAF62EAFFAF62EAFFAF62EAFFAF62EAFFAF62EAFFAF62EAFFAF62EAFFAF62EAFFAF62EAFFAF62EAFFAF62EAFFAF62EAFFAF62EAFFAF62EAFFAF62EAFFAF62EAFFAF62EAFFAF62EAFFAF62EAFFAF62EAFFAF62EAFFAF62EAFFAF62EAFFAF62EAFFAF62EAFFAF62EAFFAF62EAFFAF62EAFFAF62EAFFAF62EAFFAF62EAFFAF62EAFFAF62EAFFAF62EAFFAF62EAFFAF62EAFFAF62EAFFAF62EAFFAF62EAFFAF62EAFFAF62EAFFAF62EAFFAF62EAFFAF62EAFFAF62EAFFAF62EAFFAF62EAFFAF62EAFFAF62EAFFAF62EAFFAF62EAFFAF62EAFFAF62EAFFAF62EAFFAF62EAFFAF62EAFFAF62EAFFAF62EAFFAF62EAFFAF62EAFFAF62EAFFAF62EAFFAF62EAFFAF62EAFFAF62EAFFAF62EAFFAF62EAFFAF62EAFFAF62EAFFAF62EAFFAF62EAFFAF62EAFFAF62EAFFAF62EAFFAF62EAFFAF62EAFFAF62EAFFAF62EAFFAF62EAFFAF62EAFFAF62EAFFAF62EAFFAF62EAFFAF62EAFFAF62EAFFAF62EAFFAF62EAFFAF62EAFFAF62EAFFAF62EAFFAF62EAFFAF62EAFFAF62EAFFAF62EAFFAF62EAFFAF62EAFFAF62EAFFAF62EAFFAF62EAFFAF62EAFFAF62EAFFAF62EAFFAF62EAFFAF62EAFFAF62EAFFAF62EAFFAF62EAFFAF62EAFFAF62EAFFAF62EAFFAF62EAFFAF62EAFFAF62EAFFAF62EAFFAF62EAFFAF62EAFFAF62EAFFAF62EAFFAF62EAFFAF62EAFFAF62EAFFAF62EAFFAF62EAFFAF62EAFFAF62EAFFAF62EAFFAF62EAFFAF62EAFFAF62EAFFAF62EAFFAF62EAFFAF62EAFFAF62EAFFAF62EAFFAF62EAFFAF62EAFFAF62EAFFAF62EAFFAF62EAFFAF62EAFFAF62EAFFAF62EAFFAF62EAFFAF62EAFFAF62EAFFAF62EAFFAF62EAFFAF62EAFFAF62EAFFAF62EAFFAF62EAFFAF62EAFFAF62EAFFAF62EAFFAF62EAFFAF62EAFFAF62EAFFAF62EAFFAF62EAFFAF62EAFFAF62EAFFAF62EAFFAF62EAFFAF62EAFFAF62EAFFAF62EAFFAF62EAFFAF62EAFFAF62EAFFAF62EAFFAF62EAFFAF62EAFFAF62EAFFAF62EAFFAF62EAFFAF62EAFFAF62EAFFAF62EAFFAF62EAFFAF62EAFFAF62EAFFAF62EAFFAF62EAFFAF62EAFFAF62EAFFAF62EAFFAF62EAFFAF62EAFFAF62EAFFAF62EAFFAF62EAFFAF62EAFFAF62EAFFAF62EAFFAF62EAFFAF62EAFFAF62EAFFAF62EAFFAF62EAFFAF62EAFFAF62EAFFAF62EAFFAF62EAFFAF62EAFFAF62EAFFAF62EAFFAF62EAFFAF62EAFFAF62EAFFAF62EAFFE59EEAFFFFFFFFFFFFFFFFFFD9E8FFFFAF62EAFFAF62EAFFAF62EAFFAF62EAFFAF62EAFFAF62EAFFAF62EAFFAF62EAFFAF62EAFFAF62EAFFAF62EAFFCC9EEAFFE5D0F8FFAF62F1FFAF62EAFFAF62EAFFAF62EAFFAF62EAFFAF62EAFFAF62EAFFAF62EAFFAF62EAFFAF62EAFFAF62EAFFAF62EAFFAF62EAFFAF62EAFFAF62EAFFAF62EAFFAF62EAFFAF62EAFFAF62EAFFAF62EAFFAF62EAFFAF62EAFFAF62EAFFAF62EAFFAF62EAFFAF62EAFFAF62EAFFAF62EAFFAF62EAFFAF62EAFFAF62EAFFAF62EAFFAF62EAFFAF62EAFFAF62EAFFAF62EAFFAF62EAFFAF62EAFFAF62EAFFAF62EAFFAF62EAFFAF62EAFFAF62EAFFAF62EAFFAF62EAFFAF62EAFFAF62EAFFAF62EAFFAF62EAFFAF62EAFFAF62EAFFAF62EAFFAF62EAFFAF62EAFFAF62EAFFAF62EAFFAF62EAFFAF62EAFFAF62EAFFAF62EAFFAF62EAFFAF62EAFFAF62EAFFAF62EAFFAF62EAFFAF62EAFFAF62EAFFAF62EAFFAF62EAFFAF62EAFFAF62EAFFAF62EAFFAF62EAFFAF62EAFFAF62EAFFAF62EAFFAF62EAFFAF62EAFFAF62EAFFAF62EAFFAF62EAFFAF62EAFFAF62EAFFAF62EAFFAF62EAFFAF62EAFFFFD0F1FFBDB8FBFFAF62EAFFAF62EAFFAF62EAFFAF62EAFFAF62EAFFAF62EAFFAF62EAFFAF62EAFFAF62EAFFAF62EAFFE5D0F1FFE5B8F5FFAF81F5FFAF62EAFFF3B8EEFFFFFFFFFFFFFFFFFFE5FFFFFFAF62F1FFAF62EAFFFFD0F1FFFFFFFFFFE5FFFFFFAF62F1FFE59EEAFFFFFFFFFFFFFFFFFFD9E8FFFFAF62EAFFE59EEAFFFFFFFFFFFFFFFFFFE5FFFFFFAF62F1FFE59EEAFFFFFFFFFFFFFFFFFFD9E8FFFFAF62EAFFF3B8EEFFFFFFFFFFFFFFFFFFE5FFFFFFAF62F1FFE59EEAFFFFFFFFFFFFFFFFFFD9E8FFFFAF62EAFFAF62EAFFFFD0F1FFFFFFFFFFE5FFFFFFAF62F1FFF3B8EEFFFFFFFFFFFFFFFFFFE5FFFFFFAF62F1FFAF62EAFFAF62EAFFAF62EAFFAF62EAFFAF62EAFFAF62EAFFAF62EAFFAF62EAFFAF62EAFFAF62EAFFAF62EAFFAF62EAFFAF62EAFFAF62EAFFAF62EAFFCC62EAFFFFFFF8FFFFFFFFFFFFFFFFFFFFFFFFFFE5D0FFFFFFFFF8FFFFFFFFFFBDB8FBFFFFE8F5FFD9E8FFFFF3B8EEFFE5FFFFFFAF62F1FFFFE8F5FFFFFFFFFFFFFFFFFFFFFFFFFFE5FFFFFFAF62F1FFAF62EAFFF3B8EEFFFFFFFFFFFFFFFFFFF3E8FBFFBDB8FBFFAF62EAFFFFD0F1FFFFFFFFFFFFFFFFFFFFFFFFFFCCD0FFFFAF62EAFFAF62EAFFAF62EAFFF3B8EEFFFFFFFFFFFFFFFFFFE5FFFFFFAF62F1FFAF62EAFFFFD0F1FFCCD0FFFFAF62EAFFAF62EAFFCC62EAFFD9E8F8FFAF62EAFFE59EEAFFAF9EF8FFAF62EAFFAF62EAFFAF62EAFFE5B8EEFFAF81F5FFAF62EAFFCC62EAFFCCD0F8FFAF62EAFFAF62EAFFAF62EAFFAF62EAFFAF62EAFFE5B8EEFFAF81F5FFAF62EAFFFFD0F1FFCCD0FFFFAF62EAFFAF62EAFFAF62EAFFAF62EAFFAF62EAFFE5B8EEFFAF81F5FFCC62EAFFD9E8F8FFAF62EAFFE59EEAFFAF9EF8FFAF62EAFFFFD0F1FFCCD0FFFFAF62EAFFAF62EAFFAF62EAFFAF62EAFFAF62EAFFAF62EAFFAF62EAFFAF62EAFFAF62EAFFAF62EAFFAF62EAFFAF62EAFFAF62EAFFAF62EAFFAF62EAFFAF62EAFFAF62EAFFAF62EAFFAF62EAFFD981EAFFCCD0FBFFAF62EAFFAF62EAFFD981EAFFCCD0FBFFAF62EAFFE5E8F5FFAF62F1FFF3B8EEFFAF9EF8FFD981EAFFCCD0FBFFAF62EAFFAF62EAFFF3D0F1FFAF81F5FFAF62EAFFE59EEAFFD9E8FFFFAF62EAFFAF62EAFFFFE8F5FFBDB8FBFFD981EAFFCCD0FBFFAF62EAFFAF62EAFFAF62EAFFAF62EAFFAF62EAFFAF62EAFFAF62EAFFAF62EAFFE5B8EEFFE5B8F5FFAF9EF8FFAF62EAFFAF62EAFFAF62EAFFFFD0F1FFCCD0FFFFAF62EAFFD981EAFFF3E8F8FFFFFFFFFFE5FFFFFFAF62F1FFAF62EAFFD981EAFFFFFFFBFFD9E8FFFFAF62EAFFAF62EAFFCC62EAFFCCD0F8FFAF62EAFFAF62EAFFAF62EAFFFFD0F1FFE5D0F8FFE5FFFFFFAF62F1FFAF62EAFFAF62EAFFFFD0F1FFCCD0FFFFAF62EAFFAF62EAFFD981EAFFFFFFFBFFD9E8FFFFAF62EAFFD981EAFFF3E8F8FFFFFFFFFFE5FFFFFFAF62F1FFAF62EAFFAF62EAFFFFD0F1FFCCD0FFFFAF62EAFFAF62EAFFAF62EAFFAF62EAFFAF62EAFFAF62EAFFAF62EAFFAF62EAFFAF62EAFFAF62EAFFAF62EAFFAF62EAFFAF62EAFFAF62EAFFAF62EAFFAF62EAFFAF62EAFFAF62EAFFD981EAFFCCD0FBFFAF62EAFFAF62EAFFD981EAFFCCD0FBFFAF62EAFFE5E8F5FFAF62F1FFF3B8EEFFAF9EF8FFAF62EAFFFFD0F1FFFFFFFFFFFFFFFFFFF3FFFFFFAF81F5FFAF62EAFFF3B8EEFFAF9EF8FFAF62EAFFAF62EAFFE59EEAFFBDB8FBFFF3B8EEFFFFFFFFFFFFFFFFFFFFFFFFFFFFFFFFFFD9E8FFFFAF62EAFFAF62EAFFAF62EAFFE59EEAFFFFFFFFFFFFFFFFFFF3FFFFFFAF81F5FFCC9EEAFFAF62F1FFAF62EAFFE5D0F1FFAF62F1FFAF62EAFFE5E8F5FFAF62F1FFAF62EAFFAF62EAFFAF62EAFFAF62EAFFAF62EAFFE5E8F5FFAF62F1FFAF62EAFFCC62EAFFCCD0F8FFAF62EAFFAF62EAFFCC62EAFFE5D0F8FFE5FFF8FFAF62F1FFAF62EAFFCC9EEAFFAF62F1FFAF62EAFFE5D0F1FFAF62F1FFAF62EAFFAF62EAFFAF62EAFFE5E8F5FFAF62F1FFAF62EAFFE5E8F5FFAF62F1FFAF62EAFFAF62EAFFCC9EEAFFAF62F1FFAF62EAFFE5D0F1FFAF62F1FFAF62EAFFAF62EAFFAF62EAFFAF62EAFFAF62EAFFAF62EAFFAF62EAFFAF62EAFFAF62EAFFAF62EAFFAF62EAFFAF62EAFFAF62EAFFAF62EAFFAF62EAFFAF62EAFFAF62EAFFD981EAFFCCD0FBFFAF62EAFFAF62EAFFD981EAFFE5FFFBFFAF62F1FFFFE8F5FFAF9EF8FFF3B8EEFFAF9EF8FFAF62EAFFCC9EEAFFAF62F1FFAF62EAFFF3D0F1FFAF81F5FFAF62EAFFE59EEAFFD9E8FFFFAF62EAFFCC62EAFFFFFFF8FFBDB8FBFFE59EEAFFD9E8FFFFAF62EAFFAF62EAFFF3B8EEFFBDB8FBFFAF62EAFFAF62EAFFAF62EAFFAF62EAFFE59EEAFFE5D0F8FFBDB8FBFFAF62EAFFD981EAFFFFFFFBFFFFFFFFFFCCD0FFFFAF62EAFFAF62EAFFE59EEAFFFFFFFFFFFFFFFFFFAF9EF8FFD981EAFFFFFFFBFFFFFFFFFFCCD0FFFFAF62EAFFE59EEAFFFFFFFFFFCCD0FFFFAF62EAFFAF62EAFFCC62EAFFFFFFF8FFFFFFFFFFD9E8FFFFAF62EAFFD981EAFFFFFFFBFFFFFFFFFFCCD0FFFFAF62EAFFD981EAFFFFFFFBFFFFFFFFFFCCD0FFFFAF62EAFFAF62EAFFE59EEAFFFFFFFFFFFFFFFFFFAF9EF8FFD981EAFFFFFFFBFFFFFFFFFFCCD0FFFFAF62EAFFAF62EAFFAF62EAFFAF62EAFFAF62EAFFAF62EAFFAF62EAFFAF62EAFFAF62EAFFAF62EAFFAF62EAFFAF62EAFFAF62EAFFAF62EAFFAF62EAFFAF62EAFFAF62EAFFAF62EAFFD981EAFFCCD0FBFFAF62EAFFCC62EAFFFFFFF8FFFFFFFFFFFFFFFFFFD9B8FBFFFFFFF8FFE5FFFFFFAF62F1FFAF62EAFFF3B8EEFFFFFFFFFFFFFFFFFFD9E8FFFFAF62EAFFAF62EAFFAF62EAFFF3B8EEFFFFFFFFFFFFFFFFFFE5D0F8FFFFFFFFFFAF9EF8FFF3B8EEFFFFFFFFFFFFFFFFFFD9E8FFFFAF62EAFFAF62EAFFAF62EAFFAF62EAFFAF62EAFFAF62EAFFAF62EAFFAF62EAFFAF62EAFFAF62EAFFAF62EAFFAF62EAFFAF62EAFFAF62EAFFAF62EAFFAF62EAFFAF62EAFFAF62EAFFAF62EAFFAF62EAFFAF62EAFFAF62EAFFAF62EAFFAF62EAFFAF62EAFFAF62EAFFAF62EAFFAF62EAFFAF62EAFFAF62EAFFAF62EAFFAF62EAFFAF62EAFFAF62EAFFAF62EAFFAF62EAFFAF62EAFFAF62EAFFAF62EAFFAF62EAFFAF62EAFFAF62EAFFAF62EAFFAF62EAFFAF62EAFFAF62EAFFAF62EAFFAF62EAFFAF62EAFFAF62EAFFAF62EAFFAF62EAFFAF62EAFFAF62EAFFAF62EAFFAF62EAFFAF62EAFFAF62EAFFAF62EAFFAF62EAFFAF62EAFFAF62EAFFAF62EAFFAF62EAFFAF62EAFFAF62EAFFAF62EAFFAF62EAFFAF62EAFFAF62EAFFAF62EAFFD981EAFFCCD0FBFFAF62EAFFAF62EAFFAF62EAFFAF62EAFFAF62EAFFAF62EAFFAF62EAFFAF62EAFFAF62EAFFAF62EAFFAF62EAFFAF62EAFFAF62EAFFAF62EAFFAF62EAFFAF62EAFFAF62EAFFAF62EAFFAF62EAFFAF62EAFFAF62EAFFAF62EAFFAF62EAFFAF62EAFFAF62EAFFAF62EAFFAF62EAFFAF62EAFFAF62EAFFAF62EAFFAF62EAFFAF62EAFFAF62EAFFAF62EAFFAF62EAFFAF62EAFFAF62EAFFAF62EAFFAF62EAFFAF62EAFFAF62EAFFAF62EAFFAF62EAFFAF62EAFFAF62EAFFAF62EAFFAF62EAFFAF62EAFFAF62EAFFAF62EAFFAF62EAFFAF62EAFFAF62EAFFAF62EAFFAF62EAFFAF62EAFFAF62EAFFAF62EAFFAF62EAFFAF62EAFFAF62EAFFAF62EAFFAF62EAFFAF62EAFFAF62EAFFAF62EAFFAF62EAFFAF62EAFFAF62EAFFAF62EAFFAF62EAFFAF62EAFFAF62EAFFAF62EAFFAF62EAFFAF62EAFFAF62EAFFAF62EAFFAF62EAFFAF62EAFFAF62EAFFAF62EAFFAF62EAFFAF62EAFFAF62EAFFAF62EAFFAF62EAFFAF62EAFFAF62EAFFAF62EAFFAF62EAFFAF62EAFFAF62EAFFAF62EAFFAF62EAFFAF62EAFFCC62EAFFFFFFF8FFFFFFFFFFFFFFFFFFFFFFFFFFCCD0FFFFAF62EAFFAF62EAFFAF62EAFFAF62EAFFAF62EAFFAF62EAFFAF62EAFFAF62EAFFAF62EAFFAF62EAFFAF62EAFFAF62EAFFAF62EAFFAF62EAFFAF62EAFFAF62EAFFAF62EAFFAF62EAFFAF62EAFFAF62EAFFAF62EAFFAF62EAFFAF62EAFFAF62EAFFAF62EAFFAF62EAFFAF62EAFFAF62EAFFAF62EAFFAF62EAFFAF62EAFFAF62EAFFAF62EAFFAF62EAFFAF62EAFFAF62EAFFAF62EAFFAF62EAFFAF62EAFFAF62EAFFAF62EAFFAF62EAFFAF62EAFFAF62EAFFAF62EAFFAF62EAFFAF62EAFFAF62EAFFAF62EAFFAF62EAFFAF62EAFFAF62EAFFAF62EAFFAF62EAFFAF62EAFFAF62EAFFAF62EAFFAF62EAFFAF62EAFFAF62EAFFAF62EAFFAF62EAFFAF62EAFFAF62EAFFAF62EAFFAF62EAFFAF62EAFFAF62EAFFAF62EAFFAF62EAFFAF62EAFFAF62EAFFAF62EAFFAF62EAFFAF62EAFFAF62EAFFAF62EAFFAF62EAFFAF62EAFFAF62EAFFAF62EAFFAF62EAFFAF62EAFFAF62EAFFAF62EAFFAF62EAFFAF62EAFFAF62EAFFAF62EAFFAF62EAFFAF62EAFFAF62EAFFAF62EAFFAF62EAFFAF62EAFFAF62EAFFAF62EAFFAF62EAFFAF62EAFFAF62EAFFAF62EAFFAF62EAFFAF62EAFFAF62EAFFAF62EAFFAF62EAFFAF62EAFFAF62EAFFAF62EAFFAF62EAFFAF62EAFFAF62EAFFAF62EAFFAF62EAFFAF62EAFFAF62EAFFAF62EAFFAF62EAFFAF62EAFFAF62EAFFAF62EAFFAF62EAFFAF62EAFFAF62EAFFAF62EAFFAF62EAFFAF62EAFFAF62EAFFAF62EAFFAF62EAFFAF62EAFFAF62EAFFAF62EAFFAF62EAFFAF62EAFFAF62EAFFAF62EAFFAF62EAFFAF62EAFFAF62EAFFAF62EAFFAF62EAFFAF62EAFFAF62EAFFAF62EAFFAF62EAFFAF62EAFFAF62EAFFAF62EAFFAF62EAFFAF62EAFFAF62EAFFAF62EAFFAF62EAFFAF62EAFFAF62EAFFAF62EAFFAF62EAFFAF62EAFFAF62EAFFAF62EAFFAF62EAFFAF62EAFFAF62EAFFAF62EAFFAF62EAFFAF62EAFFAF62EAFFAF62EAFFAF62EAFFAF62EAFFAF62EAFFAF62EAFFAF62EAFFAF62EAFFAF62EAFFAF62EAFFAF62EAFFAF62EAFFAF62EAFFAF62EAFFAF62EAFFAF62EAFFAF62EAFFAF62EAFFAF62EAFFAF62EAFFAF62EAFFAF62EAFFAF62EAFFAF62EAFFAF62EAFFAF62EAFFAF62EAFFAF62EAFFAF62EAFFAF62EAFFAF62EAFFAF62EAFFAF62EAFFAF62EAFFAF62EAFFAF62EAFFAF62EAFFAF62EAFFAF62EAFFAF62EAFFAF62EAFFAF62EAFFAF62EAFFAF62EAFFAF62EAFFAF62EAFFAF62EAFFAF62EAFFAF62EAFFAF62EAFFAF62EAFFAF62EAFFAF62EAFFAF62EAFFAF62EAFFAF62EAFFAF62EAFFAF62EAFFAF62EAFFAF62EAFFAF62EAFFAF62EAFFAF62EAFFAF62EAFFAF62EAFFAF62EAFFAF62EAFFAF62EAFFAF62EAFFAF62EAFFAF62EAFFAF62EAFFAF62EAFFAF62EAFFAF62EAFFAF62EAFFAF62EAFFAF62EAFFAF62EAFFAF62EAFFAF62EAFFAF62EAFFAF62EAFFAF62EAFFAF62EAFFAF62EAFFAF62EAFFAF62EAFFAF62EAFFAF62EAFFAF62EAFFAF62EAFFAF62EAFFAF62EAFFAF62EAFFAF62EAFFAF62EAFFAF62EAFFAF62EAFFAF62EAFFAF62EAFFAF62EAFFAF62EAFFAF62EAFFAF62EAFFAF62EAFFAF62EAFFAF62EAFFAF62EAFFAF62EAFFAF62EAFFAF62EAFFAF62EAFFAF62EAFFAF62EAFFAF62EAFFAF62EAFFAF62EAFFAF62EAFFAF62EAFFAF62EAFFAF62EAFFAF62EAFFAF62EAFFAF62EAFFAF62EAFFAF62EAFFAF62EAFFAF62EAFFAF62EAFFAF62EAFFAF62EAFFAF62EAFFAF62EAFFAF62EAFFAF62EAFFAF62EAFFAF62EAFFAF62EAFFAF62EAFFAF62EAFFAF62EAFFAF62EAFFAF62EAFFAF62EAFFAF62EAFFAF62EAFFAF62EAFFAF62EAFFAF62EAFFAF62EAFFAF62EAFFAF62EAFFAF62EAFFAF62EAFFAF62EAFFAF62EAFFAF62EAFFAF62EAFFAF62EAFFAF62EAFFAF62EAFFAF62EAFFAF62EAFFAF62EAFFAF62EAFFAF62EAFFAF62EAFFAF62EAFFAF62EAFFAF62EAFFAF62EAFFAF62EAFFAF62EAFFAF62EAFFAF62EAFFAF62EAFFAF62EAFFAF62EAFFAF62EAFFAF62EAFFAF62EAFFAF62EAFFAF62EAFFAF62EAFFAF62EAFFAF62EAFFAF62EAFFAF62EAFFAF62EAFFAF62EAFFAF62EAFFAF62EAFFAF62EAFFAF62EAFFAF62EAFFAF62EAFFAF62EAFFAF62EAFFAF62EAFFAF62EAFFAF62EAFFAF62EAFFAF62EAFFAF62EAFFAF62EAFFAF62EAFFAF62EAFFAF62EAFFAF62EAFFAF62EAFFAF62EAFFAF62EAFFAF62EAFFAF62EAFFAF62EAFFAF62EAFFAF62EAFFAF62EAFFAF62EAFFAF62EAFFAF62EAFFAF62EAFFAF62EAFFAF62EAFFAF62EAFFAF62EAFFAF62EAFFAF62EAFFAF62EAFFAF62EAFFAF62EAFFAF62EAFFAF62EAFFAF62EAFFAF62EAFFAF62EAFFAF62EAFFAF62EAFFAF62EAFFAF62EAFFAF62EAFFAF62EAFFAF62EAFFAF62EAFFAF62EAFFAF62EAFFAF62EAFFAF62EAFFAF62EAFFAF62EAFFAF62EAFFAF62EAFFAF62EAFFAF62EAFFAF62EAFFAF62EAFFAF62EAFFAF62EAFFAF62EAFFAF62EAFFAF62EAFFAF62EAFFAF62EAFFAF62EAFFAF62EAFFAF62EAFFAF62EAFFAF62EAFFAF62EAFFAF62EAFFAF62EAFFAF62EAFFAF62EAFFAF62EAFFAF62EAFFAF62EAFFAF62EAFFAF62EAFFAF62EAFFAF62EAFFAF62EAFFAF62EAFFAF62EAFFAF62EAFFAF62EAFFAF62EAFFAF62EAFFAF62EAFFAF62EAFFAF62EAFFAF62EAFFAF62EAFFAF62EAFFAF62EAFFAF62EAFFAF62EAFFAF62EAFFAF62EAFFAF62EAFFAF62EAFFAF62EAFFAF62EAFFAF62EAFFAF62EAFFAF62EAFFAF62EAFFAF62EAFFAF62EAFFAF62EAFFAF62EAFFAF62EAFFAF62EAFFAF62EAFFAF62EAFFAF62EAFFAF62EAFFAF62EAFFAF62EAFFAF62EAFFAF62EAFFAF62EAFFAF62EAFFAF62EAFFAF62EAFF424DA6170000000000003600000028000000640000000F000000010020000000000000000000C40E0000C40E00000000000000000000)
INSERT [dbo].[Photo] ([Id], [AlbumId], [Name], [Description], [Date], [Image]) VALUES (3, 3, N'Matt664', N'Multum e quo in gravis esset bono brevens, manifestum Longam, funem. vantis. venit. quo fecit. delerium.', CAST(0xD4150B00 AS Date), 0x424DA6170000000000003600000028000000640000000F000000010020000000000000000000C40E0000C40E00000000000000000000440CF0FF440CF0FF440CF0FF440CF0FF440CF0FF440CF0FF440CF0FF440CF0FF440CF0FF440CF0FF440CF0FF440CF0FF440CF0FF440CF0FF440CF0FF440CF0FF440CF0FF440CF0FF440CF0FF440CF0FF440CF0FF440CF0FF440CF0FF440CF0FF440CF0FF440CF0FF440CF0FF440CF0FF440CF0FF440CF0FF440CF0FF440CF0FF440CF0FF440CF0FF440CF0FF440CF0FF440CF0FF440CF0FF440CF0FF440CF0FF440CF0FF440CF0FF440CF0FF440CF0FF440CF0FF440CF0FF440CF0FF440CF0FF440CF0FF440CF0FF440CF0FF440CF0FF440CF0FF440CF0FF440CF0FF440CF0FF440CF0FF440CF0FF440CF0FF440CF0FF440CF0FF440CF0FF440CF0FF440CF0FF440CF0FF440CF0FF440CF0FF440CF0FF440CF0FF440CF0FF440CF0FF440CF0FF440CF0FF440CF0FF440CF0FF440CF0FF440CF0FF440CF0FF440CF0FF440CF0FF440CF0FF440CF0FF440CF0FF440CF0FF440CF0FF440CF0FF440CF0FF440CF0FF440CF0FF440CF0FF440CF0FF440CF0FF440CF0FF440CF0FF440CF0FF440CF0FF440CF0FF440CF0FF440CF0FF440CF0FF440CF0FF440CF0FF440CF0FF440CF0FF440CF0FF440CF0FF440CF0FF440CF0FF440CF0FF440CF0FF440CF0FF440CF0FF440CF0FF440CF0FF440CF0FF440CF0FF440CF0FF440CF0FF440CF0FF440CF0FF440CF0FF440CF0FF440CF0FF440CF0FF440CF0FF440CF0FF440CF0FF440CF0FF440CF0FF440CF0FF440CF0FF440CF0FF440CF0FF440CF0FF440CF0FF440CF0FF440CF0FF440CF0FF440CF0FF440CF0FF440CF0FF440CF0FF440CF0FF440CF0FF440CF0FF440CF0FF440CF0FF440CF0FF440CF0FF440CF0FF440CF0FF440CF0FF440CF0FF440CF0FF440CF0FF440CF0FF440CF0FF440CF0FF440CF0FF440CF0FF440CF0FF440CF0FF440CF0FF440CF0FF440CF0FF440CF0FF440CF0FF440CF0FF440CF0FF440CF0FF440CF0FF440CF0FF440CF0FF440CF0FF440CF0FF440CF0FF440CF0FF440CF0FF440CF0FF440CF0FF440CF0FF440CF0FF440CF0FF440CF0FF440CF0FF440CF0FF440CF0FF440CF0FF440CF0FF440CF0FF440CF0FF440CF0FF440CF0FF440CF0FF440CF0FF440CF0FF440CF0FF440CF0FF440CF0FF440CF0FF440CF0FF440CF0FF440CF0FF440CF0FF440CF0FF440CF0FF440CF0FF440CF0FF440CF0FF440CF0FF440CF0FF440CF0FF440CF0FF440CF0FF440CF0FF440CF0FF440CF0FF440CF0FF440CF0FF440CF0FF440CF0FF440CF0FF440CF0FFC977F0FFFFFFFFFFFFFFFFFFADE0FFFF440CF0FF440CF0FF440CF0FF440CF0FF440CF0FF440CF0FF440CF0FF440CF0FF440CF0FF440CF0FF440CF0FF8E77F0FFC9C0FAFF440CF5FF440CF0FF440CF0FF440CF0FF440CF0FF440CF0FF440CF0FF440CF0FF440CF0FF440CF0FF440CF0FF440CF0FF440CF0FF440CF0FF440CF0FF440CF0FF440CF0FF440CF0FF440CF0FF440CF0FF440CF0FF440CF0FF440CF0FF440CF0FF440CF0FF440CF0FF440CF0FF440CF0FF440CF0FF440CF0FF440CF0FF440CF0FF440CF0FF440CF0FF440CF0FF440CF0FF440CF0FF440CF0FF440CF0FF440CF0FF440CF0FF440CF0FF440CF0FF440CF0FF440CF0FF440CF0FF440CF0FF440CF0FF440CF0FF440CF0FF440CF0FF440CF0FF440CF0FF440CF0FF440CF0FF440CF0FF440CF0FF440CF0FF440CF0FF440CF0FF440CF0FF440CF0FF440CF0FF440CF0FF440CF0FF440CF0FF440CF0FF440CF0FF440CF0FF440CF0FF440CF0FF440CF0FF440CF0FF440CF0FF440CF0FF440CF0FF440CF0FF440CF0FF440CF0FF440CF0FF440CF0FF440CF0FF440CF0FF440CF0FF440CF0FF440CF0FFFFC0F5FF6B9EFDFF440CF0FF440CF0FF440CF0FF440CF0FF440CF0FF440CF0FF440CF0FF440CF0FF440CF0FF440CF0FFC9C0F5FFC99EF8FF444BF8FF440CF0FF440CF0FF8E0CF0FFADE0FAFF440CF0FF440CF0FFC977F0FFFFFFFFFFFFFFFFFFC9FFFFFF440CF5FFC977F0FFFFFFFFFFFFFFFFFFADE0FFFF440CF0FF440CF0FFFFC0F5FFFFFFFFFFC9FFFFFF440CF5FF8E0CF0FFFFFFFAFFFFFFFFFFADE0FFFF440CF0FF440CF0FFFFC0F5FFFFFFFFFFC9FFFFFF440CF5FFE59EF3FFFFFFFFFFFFFFFFFFC9FFFFFF440CF5FF440CF0FF8E0CF0FFFFFFFAFFC9FFFFFF440CF5FF440CF0FF440CF0FF440CF0FF440CF0FF440CF0FF440CF0FF440CF0FF440CF0FF440CF0FF440CF0FF440CF0FF440CF0FF440CF0FF440CF0FF440CF0FF440CF0FF440CF0FF440CF0FF440CF0FF440CF0FF8E0CF0FFFFFFFAFFFFFFFFFFFFFFFFFFFFFFFFFFC9C0FFFFFFFFFAFFFFFFFFFF6B9EFDFFFFE0F8FFADE0FFFFE59EF3FFC9FFFFFF440CF5FFFFE0F8FFFFFFFFFFFFFFFFFFFFFFFFFFC9FFFFFF440CF5FF440CF0FFE59EF3FFFFFFFFFFFFFFFFFFE5E0FDFF6B9EFDFF440CF0FFFFC0F5FFFFFFFFFFFFFFFFFFFFFFFFFF8EC0FFFF440CF0FF440CF0FF440CF0FFE59EF3FFFFFFFFFFFFFFFFFFC9FFFFFF440CF5FF440CF0FF440CF0FFC99EF3FF444BF8FF440CF0FF440CF0FF8E0CF0FF8EC0FAFF440CF0FF440CF0FF440CF0FF440CF0FF440CF0FFC99EF3FF444BF8FF8E0CF0FFADE0FAFF440CF0FFC977F0FF4477FAFFC977F0FF6B9EFDFF440CF0FFC9C0F5FF440CF5FF8E0CF0FFADE0FAFF440CF0FFC977F0FF4477FAFF440CF0FFFFC0F5FF8EC0FFFF440CF0FF440CF0FFC977F0FFFFFFFFFFFFFFFFFFC9FFFFFF440CF5FF440CF0FF440CF0FF440CF0FF440CF0FF440CF0FF440CF0FF440CF0FF440CF0FF440CF0FF440CF0FF440CF0FF440CF0FF440CF0FF440CF0FF440CF0FF440CF0FF440CF0FF440CF0FF440CF0FF440CF0FF440CF0FF440CF0FFAD4BF0FF8EC0FDFF440CF0FF440CF0FFAD4BF0FF8EC0FDFF440CF0FFC9E0F8FF440CF5FFE59EF3FF4477FAFFAD4BF0FF8EC0FDFF440CF0FF440CF0FFE5C0F5FF444BF8FF440CF0FFC977F0FFADE0FFFF440CF0FF440CF0FFFFE0F8FF6B9EFDFFAD4BF0FF8EC0FDFF440CF0FF440CF0FF440CF0FF440CF0FF440CF0FF440CF0FF440CF0FF440CF0FFC99EF3FFC99EF8FF4477FAFF440CF0FF440CF0FF440CF0FFC977F0FF6B9EFDFF440CF0FF440CF0FF8E0CF0FF8EC0FAFF440CF0FF440CF0FF440CF0FFFFC0F5FFC9C0FAFFC9FFFFFF440CF5FFAD4BF0FFE5E0FAFFFFFFFFFFC9FFFFFF440CF5FF440CF0FFFFE0F8FFFFFFFFFF8EC0FFFF440CF0FFAD4BF0FFE5E0FAFFFFFFFFFFC9FFFFFF440CF5FF440CF0FF440CF0FFFFC0F5FF8EC0FFFF440CF0FF440CF0FFC9E0F8FFAD4BF5FF6B9EFAFF440CF0FF440CF0FF440CF0FF440CF0FF440CF0FF440CF0FF440CF0FF440CF0FF440CF0FF440CF0FF440CF0FF440CF0FF440CF0FF440CF0FF440CF0FF440CF0FF440CF0FF440CF0FF440CF0FF440CF0FF440CF0FF440CF0FF440CF0FFAD4BF0FF8EC0FDFF440CF0FF440CF0FFAD4BF0FF8EC0FDFF440CF0FFC9E0F8FF440CF5FFE59EF3FF4477FAFF440CF0FFFFC0F5FFFFFFFFFFFFFFFFFFE5FFFFFF444BF8FF440CF0FFE59EF3FF4477FAFF440CF0FF440CF0FFC977F0FF6B9EFDFFE59EF3FFFFFFFFFFFFFFFFFFFFFFFFFFFFFFFFFFADE0FFFF440CF0FF440CF0FF440CF0FFC977F0FFFFFFFFFFFFFFFFFFE5FFFFFF444BF8FF440CF0FF440CF0FF8E0CF0FF8EC0FAFF440CF0FF440CF0FF8E0CF0FF8EC0FAFF440CF0FF440CF0FF8E0CF0FFC9C0FAFFC9FFFAFF440CF5FF440CF0FF440CF0FFC9E0F8FF440CF5FF440CF0FF440CF0FFAD4BF0FF6B9EFAFF440CF0FFC9E0F8FF440CF5FF440CF0FFC9E0F8FF440CF5FF440CF0FF440CF0FF8E77F0FF440CF5FF440CF0FFC9C0F5FF440CF5FF440CF0FFC977F0FFC9C0FDFF6B9EFAFF440CF0FF440CF0FF440CF0FF440CF0FF440CF0FF440CF0FF440CF0FF440CF0FF440CF0FF440CF0FF440CF0FF440CF0FF440CF0FF440CF0FF440CF0FF440CF0FF440CF0FF440CF0FF440CF0FF440CF0FF440CF0FF440CF0FF440CF0FFAD4BF0FF8EC0FDFF440CF0FF440CF0FFAD4BF0FFC9FFFDFF440CF5FFFFE0F8FF4477FAFFE59EF3FF4477FAFF440CF0FF8E77F0FF440CF5FF440CF0FFE5C0F5FF444BF8FF440CF0FFC977F0FFADE0FFFF440CF0FF8E0CF0FFFFFFFAFF6B9EFDFFC977F0FFADE0FFFF440CF0FF440CF0FFE59EF3FF6B9EFDFF440CF0FF440CF0FF440CF0FF440CF0FFC977F0FFC9C0FAFF6B9EFDFF440CF0FFC977F0FFFFFFFFFFFFFFFFFFC9FFFFFF440CF5FFC977F0FFFFFFFFFF8EC0FFFF440CF0FF440CF0FF8E0CF0FFFFFFFAFFFFFFFFFFADE0FFFF440CF0FF440CF0FFC977F0FFFFFFFFFFFFFFFFFF4477FAFF440CF0FFFFE0F8FFFFFFFFFF8EC0FFFF440CF0FF440CF0FFC977F0FFFFFFFFFFFFFFFFFF4477FAFFAD4BF0FFFFFFFDFFFFFFFFFF8EC0FFFF440CF0FF440CF0FF440CF0FFFFE0F8FF6B9EFDFF440CF0FF440CF0FF440CF0FF440CF0FF440CF0FF440CF0FF440CF0FF440CF0FF440CF0FF440CF0FF440CF0FF440CF0FF440CF0FF440CF0FF440CF0FF440CF0FF440CF0FF440CF0FF440CF0FF440CF0FF440CF0FF440CF0FF440CF0FFAD4BF0FF8EC0FDFF440CF0FF8E0CF0FFFFFFFAFFFFFFFFFFFFFFFFFFAD9EFDFFFFFFFAFFC9FFFFFF440CF5FF440CF0FFE59EF3FFFFFFFFFFFFFFFFFFADE0FFFF440CF0FF440CF0FF440CF0FFE59EF3FFFFFFFFFFFFFFFFFFC9C0FAFFFFFFFFFF4477FAFFE59EF3FFFFFFFFFFFFFFFFFFADE0FFFF440CF0FF440CF0FF440CF0FF440CF0FF440CF0FF440CF0FF440CF0FF440CF0FF440CF0FF440CF0FF440CF0FF440CF0FF440CF0FF440CF0FF440CF0FF440CF0FF440CF0FF440CF0FF440CF0FF440CF0FF440CF0FF440CF0FF440CF0FF440CF0FF440CF0FF440CF0FF440CF0FF440CF0FF440CF0FF440CF0FF440CF0FF440CF0FF440CF0FF440CF0FF440CF0FF440CF0FF440CF0FF440CF0FF440CF0FF440CF0FF440CF0FF440CF0FF440CF0FF440CF0FF440CF0FF440CF0FF440CF0FF440CF0FF440CF0FF440CF0FF440CF0FF440CF0FF440CF0FF440CF0FF440CF0FF440CF0FF440CF0FF440CF0FF440CF0FF440CF0FF440CF0FF440CF0FF440CF0FF440CF0FF440CF0FF440CF0FF440CF0FF440CF0FF440CF0FF440CF0FF440CF0FFAD4BF0FF8EC0FDFF440CF0FF440CF0FF440CF0FF440CF0FF440CF0FF440CF0FF440CF0FF440CF0FF440CF0FF440CF0FF440CF0FF440CF0FF440CF0FF440CF0FF440CF0FF440CF0FF440CF0FF440CF0FF440CF0FF440CF0FF440CF0FF440CF0FF440CF0FF440CF0FF440CF0FF440CF0FF440CF0FF440CF0FF440CF0FF440CF0FF440CF0FF440CF0FF440CF0FF440CF0FF440CF0FF440CF0FF440CF0FF440CF0FF440CF0FF440CF0FF440CF0FF440CF0FF440CF0FF440CF0FF440CF0FF440CF0FF440CF0FF440CF0FF440CF0FF440CF0FF440CF0FF440CF0FF440CF0FF440CF0FF440CF0FF440CF0FF440CF0FF440CF0FF440CF0FF440CF0FF440CF0FF440CF0FF440CF0FF440CF0FF440CF0FF440CF0FF440CF0FF440CF0FF440CF0FF440CF0FF440CF0FF440CF0FF440CF0FF440CF0FF440CF0FF440CF0FF440CF0FF440CF0FF440CF0FF440CF0FF440CF0FF440CF0FF440CF0FF440CF0FF440CF0FF440CF0FF440CF0FF440CF0FF440CF0FF440CF0FF440CF0FF440CF0FF440CF0FF440CF0FF440CF0FF440CF0FF8E0CF0FFFFFFFAFFFFFFFFFFFFFFFFFFFFFFFFFF8EC0FFFF440CF0FF440CF0FF440CF0FF440CF0FF440CF0FF440CF0FF440CF0FF440CF0FF440CF0FF440CF0FF440CF0FF440CF0FF440CF0FF440CF0FF440CF0FF440CF0FF440CF0FF440CF0FF440CF0FF440CF0FF440CF0FF440CF0FF440CF0FF440CF0FF440CF0FF440CF0FF440CF0FF440CF0FF440CF0FF440CF0FF440CF0FF440CF0FF440CF0FF440CF0FF440CF0FF440CF0FF440CF0FF440CF0FF440CF0FF440CF0FF440CF0FF440CF0FF440CF0FF440CF0FF440CF0FF440CF0FF440CF0FF440CF0FF440CF0FF440CF0FF440CF0FF440CF0FF440CF0FF440CF0FF440CF0FF440CF0FF440CF0FF440CF0FF440CF0FF440CF0FF440CF0FF440CF0FF440CF0FF440CF0FF440CF0FF440CF0FF440CF0FF440CF0FF440CF0FF440CF0FF440CF0FF440CF0FF440CF0FF440CF0FF440CF0FF440CF0FF440CF0FF440CF0FF440CF0FF440CF0FF440CF0FF440CF0FF440CF0FF440CF0FF440CF0FF440CF0FF440CF0FF440CF0FF440CF0FF440CF0FF440CF0FF440CF0FF440CF0FF440CF0FF440CF0FF440CF0FF440CF0FF440CF0FF440CF0FF440CF0FF440CF0FF440CF0FF440CF0FF440CF0FF440CF0FF440CF0FF440CF0FF440CF0FF440CF0FF440CF0FF440CF0FF440CF0FF440CF0FF440CF0FF440CF0FF440CF0FF440CF0FF440CF0FF440CF0FF440CF0FF440CF0FF440CF0FF440CF0FF440CF0FF440CF0FF440CF0FF440CF0FF440CF0FF440CF0FF440CF0FF440CF0FF440CF0FF440CF0FF440CF0FF440CF0FF440CF0FF440CF0FF440CF0FF440CF0FF440CF0FF440CF0FF440CF0FF440CF0FF440CF0FF440CF0FF440CF0FF440CF0FF440CF0FF440CF0FF440CF0FF440CF0FF440CF0FF440CF0FF440CF0FF440CF0FF440CF0FF440CF0FF440CF0FF440CF0FF440CF0FF440CF0FF440CF0FF440CF0FF440CF0FF440CF0FF440CF0FF440CF0FF440CF0FF440CF0FF440CF0FF440CF0FF440CF0FF440CF0FF440CF0FF440CF0FF440CF0FF440CF0FF440CF0FF440CF0FF440CF0FF440CF0FF440CF0FF440CF0FF440CF0FF440CF0FF440CF0FF440CF0FF440CF0FF440CF0FF440CF0FF440CF0FF440CF0FF440CF0FF440CF0FF440CF0FF440CF0FF440CF0FF440CF0FF440CF0FF440CF0FF440CF0FF440CF0FF440CF0FF440CF0FF440CF0FF440CF0FF440CF0FF440CF0FF440CF0FF440CF0FF440CF0FF440CF0FF440CF0FF440CF0FF440CF0FF440CF0FF440CF0FF440CF0FF440CF0FF440CF0FF440CF0FF440CF0FF440CF0FF440CF0FF440CF0FF440CF0FF440CF0FF440CF0FF440CF0FF440CF0FF440CF0FF440CF0FF440CF0FF440CF0FF440CF0FF440CF0FF440CF0FF440CF0FF440CF0FF440CF0FF440CF0FF440CF0FF440CF0FF440CF0FF440CF0FF440CF0FF440CF0FF440CF0FF440CF0FF440CF0FF440CF0FF440CF0FF440CF0FF440CF0FF440CF0FF440CF0FF440CF0FF440CF0FF440CF0FF440CF0FF440CF0FF440CF0FF440CF0FF440CF0FF440CF0FF440CF0FF440CF0FF440CF0FF440CF0FF440CF0FF440CF0FF440CF0FF440CF0FF440CF0FF440CF0FF440CF0FF440CF0FF440CF0FF440CF0FF440CF0FF440CF0FF440CF0FF440CF0FF440CF0FF440CF0FF440CF0FF440CF0FF440CF0FF440CF0FF440CF0FF440CF0FF440CF0FF440CF0FF440CF0FF440CF0FF440CF0FF440CF0FF440CF0FF440CF0FF440CF0FF440CF0FF440CF0FF440CF0FF440CF0FF440CF0FF440CF0FF440CF0FF440CF0FF440CF0FF440CF0FF440CF0FF440CF0FF440CF0FF440CF0FF440CF0FF440CF0FF440CF0FF440CF0FF440CF0FF440CF0FF440CF0FF440CF0FF440CF0FF440CF0FF440CF0FF440CF0FF440CF0FF440CF0FF440CF0FF440CF0FF440CF0FF440CF0FF440CF0FF440CF0FF440CF0FF440CF0FF440CF0FF440CF0FF440CF0FF440CF0FF440CF0FF440CF0FF440CF0FF440CF0FF440CF0FF440CF0FF440CF0FF440CF0FF440CF0FF440CF0FF440CF0FF440CF0FF440CF0FF440CF0FF440CF0FF440CF0FF440CF0FF440CF0FF440CF0FF440CF0FF440CF0FF440CF0FF440CF0FF440CF0FF440CF0FF440CF0FF440CF0FF440CF0FF440CF0FF440CF0FF440CF0FF440CF0FF440CF0FF440CF0FF440CF0FF440CF0FF440CF0FF440CF0FF440CF0FF440CF0FF440CF0FF440CF0FF440CF0FF440CF0FF440CF0FF440CF0FF440CF0FF440CF0FF440CF0FF440CF0FF440CF0FF440CF0FF440CF0FF440CF0FF440CF0FF440CF0FF440CF0FF440CF0FF440CF0FF440CF0FF440CF0FF440CF0FF440CF0FF440CF0FF440CF0FF440CF0FF440CF0FF440CF0FF440CF0FF440CF0FF440CF0FF440CF0FF440CF0FF440CF0FF440CF0FF440CF0FF440CF0FF440CF0FF440CF0FF440CF0FF440CF0FF440CF0FF440CF0FF440CF0FF440CF0FF440CF0FF440CF0FF440CF0FF440CF0FF440CF0FF440CF0FF440CF0FF440CF0FF440CF0FF440CF0FF440CF0FF440CF0FF440CF0FF440CF0FF440CF0FF440CF0FF440CF0FF440CF0FF440CF0FF440CF0FF440CF0FF440CF0FF440CF0FF440CF0FF440CF0FF440CF0FF440CF0FF440CF0FF440CF0FF440CF0FF440CF0FF440CF0FF440CF0FF440CF0FF440CF0FF440CF0FF440CF0FF440CF0FF440CF0FF440CF0FF440CF0FF440CF0FF440CF0FF440CF0FF440CF0FF440CF0FF440CF0FF440CF0FF440CF0FF440CF0FF440CF0FF440CF0FF440CF0FF440CF0FF440CF0FF440CF0FF440CF0FF440CF0FF440CF0FF440CF0FF440CF0FF440CF0FF440CF0FF440CF0FF440CF0FF440CF0FF440CF0FF424DA6170000000000003600000028000000640000000F000000010020000000000000000000C40E0000C40E00000000000000000000)
INSERT [dbo].[Photo] ([Id], [AlbumId], [Name], [Description], [Date], [Image]) VALUES (4, 3, N'Tyler22', N'imaginator quo sed et e Versus brevens, et quartu sed non et eggredior. delerium. et homo, Tam cognitio,', CAST(0x732A0B00 AS Date), 0x424DA6170000000000003600000028000000640000000F000000010020000000000000000000C40E0000C40E00000000000000000000A79C92FFA79C92FFA79C92FFA79C92FFA79C92FFA79C92FFA79C92FFA79C92FFA79C92FFA79C92FFA79C92FFA79C92FFA79C92FFA79C92FFA79C92FFA79C92FFA79C92FFA79C92FFA79C92FFA79C92FFA79C92FFA79C92FFA79C92FFA79C92FFA79C92FFA79C92FFA79C92FFA79C92FFA79C92FFA79C92FFA79C92FFA79C92FFA79C92FFA79C92FFA79C92FFA79C92FFA79C92FFA79C92FFA79C92FFA79C92FFA79C92FFA79C92FFA79C92FFA79C92FFA79C92FFA79C92FFA79C92FFA79C92FFA79C92FFA79C92FFA79C92FFA79C92FFA79C92FFA79C92FFA79C92FFA79C92FFA79C92FFA79C92FFA79C92FFA79C92FFA79C92FFA79C92FFA79C92FFA79C92FFA79C92FFA79C92FFA79C92FFA79C92FFA79C92FFA79C92FFA79C92FFA79C92FFA79C92FFA79C92FFA79C92FFA79C92FFA79C92FFA79C92FFA79C92FFA79C92FFA79C92FFA79C92FFA79C92FFA79C92FFA79C92FFA79C92FFA79C92FFA79C92FFA79C92FFA79C92FFA79C92FFA79C92FFA79C92FFA79C92FFA79C92FFA79C92FFA79C92FFA79C92FFA79C92FFA79C92FFA79C92FFA79C92FFA79C92FFA79C92FFA79C92FFA79C92FFA79C92FFA79C92FFA79C92FFA79C92FFA79C92FFA79C92FFA79C92FFA79C92FFA79C92FFA79C92FFA79C92FFA79C92FFA79C92FFA79C92FFA79C92FFA79C92FFA79C92FFA79C92FFA79C92FFA79C92FFA79C92FFA79C92FFA79C92FFA79C92FFA79C92FFA79C92FFA79C92FFA79C92FFA79C92FFA79C92FFA79C92FFA79C92FFA79C92FFA79C92FFA79C92FFA79C92FFA79C92FFA79C92FFA79C92FFA79C92FFA79C92FFA79C92FFA79C92FFA79C92FFA79C92FFA79C92FFA79C92FFA79C92FFA79C92FFA79C92FFA79C92FFA79C92FFA79C92FFA79C92FFA79C92FFA79C92FFA79C92FFA79C92FFA79C92FFA79C92FFA79C92FFA79C92FFA79C92FFA79C92FFA79C92FFA79C92FFA79C92FFA79C92FFA79C92FFA79C92FFA79C92FFA79C92FFA79C92FFA79C92FFA79C92FFA79C92FFA79C92FFA79C92FFA79C92FFA79C92FFA79C92FFA79C92FFA79C92FFA79C92FFA79C92FFA79C92FFA79C92FFA79C92FFA79C92FFA79C92FFA79C92FFA79C92FFA79C92FFA79C92FFA79C92FFA79C92FFA79C92FFA79C92FFA79C92FFA79C92FFA79C92FFA79C92FFA79C92FFA79C92FFA79C92FFA79C92FFA79C92FFA79C92FFA79C92FFA79C92FFA79C92FFA79C92FFA79C92FFA79C92FFA79C92FFA79C92FFA79C92FFE3BF92FFFFFFFFFFFFFFFFFFD5F0FFFFA79C92FFA79C92FFA79C92FFA79C92FFA79C92FFA79C92FFA79C92FFA79C92FFA79C92FFA79C92FFA79C92FFC6BF92FFE3E0DDFFA79CB9FFA79C92FFA79C92FFA79C92FFA79C92FFA79C92FFA79C92FFA79C92FFA79C92FFA79C92FFA79C92FFA79C92FFA79C92FFA79C92FFA79C92FFA79C92FFA79C92FFA79C92FFA79C92FFA79C92FFA79C92FFA79C92FFA79C92FFA79C92FFA79C92FFA79C92FFA79C92FFA79C92FFA79C92FFA79C92FFA79C92FFA79C92FFA79C92FFA79C92FFA79C92FFA79C92FFA79C92FFA79C92FFA79C92FFA79C92FFA79C92FFA79C92FFA79C92FFA79C92FFA79C92FFA79C92FFA79C92FFA79C92FFA79C92FFA79C92FFA79C92FFA79C92FFA79C92FFA79C92FFA79C92FFA79C92FFA79C92FFA79C92FFA79C92FFA79C92FFA79C92FFA79C92FFA79C92FFA79C92FFA79C92FFA79C92FFA79C92FFA79C92FFA79C92FFA79C92FFA79C92FFA79C92FFA79C92FFA79C92FFA79C92FFA79C92FFA79C92FFA79C92FFA79C92FFA79C92FFA79C92FFA79C92FFA79C92FFA79C92FFA79C92FFA79C92FFFFE0B9FFB7D0EEFFA79C92FFA79C92FFA79C92FFA79C92FFA79C92FFA79C92FFA79C92FFA79C92FFA79C92FFA79C92FFE3E0B9FFE3D0CCFFA7AECCFFA79C92FFE3BF92FFFFFFFFFFFFFFFFFFD5F0FFFFA79C92FFA79C92FFFFE0B9FFFFFFFFFFE3FFFFFFA79CB9FFE3BF92FFFFFFFFFFFFFFFFFFD5F0FFFFA79C92FFE3BF92FFFFFFFFFFFFFFFFFFD5F0FFFFA79C92FFA79C92FFFFF0CCFFFFFFFFFFC6E0FFFFA79C92FFA79C92FFFFE0B9FFFFFFFFFFE3FFFFFFA79CB9FFE3BF92FFFFFFFFFFFFFFFFFFE3FFFFFFA79CB9FFE3BF92FFFFFFFFFFFFFFFFFFD5F0FFFFA79C92FFA79C92FFFFF0CCFFFFFFFFFFC6E0FFFFA79C92FFA79C92FFA79C92FFA79C92FFA79C92FFA79C92FFA79C92FFA79C92FFA79C92FFA79C92FFA79C92FFA79C92FFA79C92FFA79C92FFA79C92FFA79C92FFC69C92FFFFFFDDFFFFFFFFFFFFFFFFFFFFFFFFFFE3E0FFFFFFFFDDFFFFFFFFFFB7D0EEFFFFF0CCFFD5F0FFFFF1D0A6FFE3FFFFFFA79CB9FFFFF0CCFFFFFFFFFFFFFFFFFFFFFFFFFFE3FFFFFFA79CB9FFA79C92FFF1D0A6FFFFFFFFFFFFFFFFFFF1F0EEFFB7D0EEFFA79C92FFFFE0B9FFFFFFFFFFFFFFFFFFFFFFFFFFC6E0FFFFA79C92FFA79C92FFA79C92FFF1D0A6FFFFFFFFFFFFFFFFFFE3FFFFFFA79CB9FFA79C92FFA79C92FFA79C92FFE3D0A6FFA7AECCFFC69C92FFD5F0DDFFA79C92FFE3BF92FFA7BFDDFFA79C92FFA79C92FFA79C92FFE3D0A6FFA7AECCFFA79C92FFA79C92FFA79C92FFE3D0A6FFA7AECCFFD5AE92FFB7D0DDFFA79C92FFE3E0B9FFA79CB9FFC69C92FFD5F0DDFFA79C92FFE3BF92FFA7BFDDFFA79C92FFC69C92FFC6E0DDFFA79C92FFA79C92FFA79C92FFA79C92FFA79C92FFE3D0A6FFA7AECCFFD5AE92FFB7D0DDFFA79C92FFE3E0B9FFA79CB9FFA79C92FFA79C92FFA79C92FFA79C92FFA79C92FFA79C92FFA79C92FFA79C92FFA79C92FFA79C92FFA79C92FFA79C92FFA79C92FFA79C92FFA79C92FFA79C92FFA79C92FFD5AE92FFC6E0EEFFA79C92FFA79C92FFD5AE92FFC6E0EEFFA79C92FFE3F0CCFFA79CB9FFF1D0A6FFA7BFDDFFD5AE92FFC6E0EEFFA79C92FFA79C92FFF1E0B9FFA7AECCFFA79C92FFE3BF92FFD5F0FFFFA79C92FFA79C92FFFFF0CCFFB7D0EEFFD5AE92FFC6E0EEFFA79C92FFA79C92FFA79C92FFA79C92FFA79C92FFA79C92FFA79C92FFA79C92FFE3D0A6FFE3D0CCFFA7BFDDFFA79C92FFA79C92FFD5AE92FFFFFFEEFFD5F0FFFFA79C92FFD5AE92FFF1F0DDFFFFFFFFFFE3FFFFFFA79CB9FFA79C92FFD5AE92FFFFFFEEFFD5F0FFFFA79C92FFA79C92FFD5AE92FFFFFFEEFFD5F0FFFFA79C92FFE3BF92FFA7BFDDFFA79C92FFE3E0B9FFA79CB9FFD5AE92FFF1F0DDFFFFFFFFFFE3FFFFFFA79CB9FFA79C92FFC69C92FFC6E0DDFFA79C92FFA79C92FFA79C92FFD5AE92FFFFFFEEFFD5F0FFFFA79C92FFE3BF92FFA7BFDDFFA79C92FFE3E0B9FFA79CB9FFA79C92FFA79C92FFA79C92FFA79C92FFA79C92FFA79C92FFA79C92FFA79C92FFA79C92FFA79C92FFA79C92FFA79C92FFA79C92FFA79C92FFA79C92FFA79C92FFA79C92FFD5AE92FFC6E0EEFFA79C92FFA79C92FFD5AE92FFC6E0EEFFA79C92FFE3F0CCFFA79CB9FFF1D0A6FFA7BFDDFFA79C92FFFFE0B9FFFFFFFFFFFFFFFFFFF1FFFFFFA7AECCFFA79C92FFF1D0A6FFA7BFDDFFA79C92FFA79C92FFE3BF92FFB7D0EEFFF1D0A6FFFFFFFFFFFFFFFFFFFFFFFFFFFFFFFFFFD5F0FFFFA79C92FFA79C92FFA79C92FFE3BF92FFFFFFFFFFFFFFFFFFF1FFFFFFA7AECCFFA79C92FFA79C92FFA79C92FFE3F0CCFFA79CB9FFA79C92FFE3F0CCFFA79CB9FFA79C92FFA79C92FFA79C92FFA79C92FFA79C92FFE3F0CCFFA79CB9FFA79C92FFA79C92FFA79C92FFE3F0CCFFA79CB9FFD5AE92FFB7D0DDFFA79C92FFE3E0B9FFA79CB9FFA79C92FFE3F0CCFFA79CB9FFA79C92FFA79C92FFA79C92FFC69C92FFC6E0DDFFA79C92FFA79C92FFA79C92FFA79C92FFA79C92FFE3F0CCFFA79CB9FFD5AE92FFB7D0DDFFA79C92FFE3E0B9FFA79CB9FFA79C92FFA79C92FFA79C92FFA79C92FFA79C92FFA79C92FFA79C92FFA79C92FFA79C92FFA79C92FFA79C92FFA79C92FFA79C92FFA79C92FFA79C92FFA79C92FFA79C92FFD5AE92FFC6E0EEFFA79C92FFA79C92FFD5AE92FFE3FFEEFFA79CB9FFFFF0CCFFA7BFDDFFF1D0A6FFA7BFDDFFA79C92FFC6BF92FFA79CB9FFA79C92FFF1E0B9FFA7AECCFFA79C92FFE3BF92FFD5F0FFFFA79C92FFC69C92FFFFFFDDFFB7D0EEFFE3BF92FFD5F0FFFFA79C92FFA79C92FFF1D0A6FFB7D0EEFFA79C92FFA79C92FFA79C92FFA79C92FFE3BF92FFE3E0DDFFB7D0EEFFA79C92FFD5AE92FFFFFFEEFFFFFFFFFFC6E0FFFFA79C92FFA79C92FFE3BF92FFFFFFFFFFFFFFFFFFA7BFDDFFD5AE92FFFFFFEEFFFFFFFFFFC6E0FFFFA79C92FFD5AE92FFFFFFEEFFFFFFFFFFC6E0FFFFA79C92FFA79C92FFFFF0CCFFFFFFFFFFC6E0FFFFA79C92FFA79C92FFE3BF92FFFFFFFFFFFFFFFFFFA7BFDDFFE3BF92FFFFFFFFFFC6E0FFFFA79C92FFA79C92FFD5AE92FFFFFFEEFFFFFFFFFFC6E0FFFFA79C92FFA79C92FFFFF0CCFFFFFFFFFFC6E0FFFFA79C92FFA79C92FFA79C92FFA79C92FFA79C92FFA79C92FFA79C92FFA79C92FFA79C92FFA79C92FFA79C92FFA79C92FFA79C92FFA79C92FFA79C92FFA79C92FFA79C92FFA79C92FFD5AE92FFC6E0EEFFA79C92FFC69C92FFFFFFDDFFFFFFFFFFFFFFFFFFD5D0EEFFFFFFDDFFE3FFFFFFA79CB9FFA79C92FFF1D0A6FFFFFFFFFFFFFFFFFFD5F0FFFFA79C92FFA79C92FFA79C92FFF1D0A6FFFFFFFFFFFFFFFFFFE3E0DDFFFFFFFFFFA7BFDDFFF1D0A6FFFFFFFFFFFFFFFFFFD5F0FFFFA79C92FFA79C92FFA79C92FFA79C92FFA79C92FFA79C92FFA79C92FFA79C92FFA79C92FFA79C92FFA79C92FFA79C92FFA79C92FFA79C92FFA79C92FFA79C92FFA79C92FFA79C92FFA79C92FFA79C92FFA79C92FFA79C92FFA79C92FFA79C92FFA79C92FFA79C92FFA79C92FFA79C92FFA79C92FFA79C92FFA79C92FFA79C92FFA79C92FFA79C92FFA79C92FFA79C92FFA79C92FFA79C92FFA79C92FFA79C92FFA79C92FFA79C92FFA79C92FFA79C92FFA79C92FFA79C92FFA79C92FFA79C92FFA79C92FFA79C92FFA79C92FFA79C92FFA79C92FFA79C92FFA79C92FFA79C92FFA79C92FFA79C92FFA79C92FFA79C92FFA79C92FFA79C92FFA79C92FFA79C92FFA79C92FFA79C92FFA79C92FFA79C92FFA79C92FFA79C92FFA79C92FFD5AE92FFC6E0EEFFA79C92FFA79C92FFA79C92FFA79C92FFA79C92FFA79C92FFA79C92FFA79C92FFA79C92FFA79C92FFA79C92FFA79C92FFA79C92FFA79C92FFA79C92FFA79C92FFA79C92FFA79C92FFA79C92FFA79C92FFA79C92FFA79C92FFA79C92FFA79C92FFA79C92FFA79C92FFA79C92FFA79C92FFA79C92FFA79C92FFA79C92FFA79C92FFA79C92FFA79C92FFA79C92FFA79C92FFA79C92FFA79C92FFA79C92FFA79C92FFA79C92FFA79C92FFA79C92FFA79C92FFA79C92FFA79C92FFA79C92FFA79C92FFA79C92FFA79C92FFA79C92FFA79C92FFA79C92FFA79C92FFA79C92FFA79C92FFA79C92FFA79C92FFA79C92FFA79C92FFA79C92FFA79C92FFA79C92FFA79C92FFA79C92FFA79C92FFA79C92FFA79C92FFA79C92FFA79C92FFA79C92FFA79C92FFA79C92FFA79C92FFA79C92FFA79C92FFA79C92FFA79C92FFA79C92FFA79C92FFA79C92FFA79C92FFA79C92FFA79C92FFA79C92FFA79C92FFA79C92FFA79C92FFA79C92FFA79C92FFA79C92FFA79C92FFA79C92FFA79C92FFA79C92FFA79C92FFC69C92FFFFFFDDFFFFFFFFFFFFFFFFFFFFFFFFFFC6E0FFFFA79C92FFA79C92FFA79C92FFA79C92FFA79C92FFA79C92FFA79C92FFA79C92FFA79C92FFA79C92FFA79C92FFA79C92FFA79C92FFA79C92FFA79C92FFA79C92FFA79C92FFA79C92FFA79C92FFA79C92FFA79C92FFA79C92FFA79C92FFA79C92FFA79C92FFA79C92FFA79C92FFA79C92FFA79C92FFA79C92FFA79C92FFA79C92FFA79C92FFA79C92FFA79C92FFA79C92FFA79C92FFA79C92FFA79C92FFA79C92FFA79C92FFA79C92FFA79C92FFA79C92FFA79C92FFA79C92FFA79C92FFA79C92FFA79C92FFA79C92FFA79C92FFA79C92FFA79C92FFA79C92FFA79C92FFA79C92FFA79C92FFA79C92FFA79C92FFA79C92FFA79C92FFA79C92FFA79C92FFA79C92FFA79C92FFA79C92FFA79C92FFA79C92FFA79C92FFA79C92FFA79C92FFA79C92FFA79C92FFA79C92FFA79C92FFA79C92FFA79C92FFA79C92FFA79C92FFA79C92FFA79C92FFA79C92FFA79C92FFA79C92FFA79C92FFA79C92FFA79C92FFA79C92FFA79C92FFA79C92FFA79C92FFA79C92FFA79C92FFA79C92FFA79C92FFA79C92FFA79C92FFA79C92FFA79C92FFA79C92FFA79C92FFA79C92FFA79C92FFA79C92FFA79C92FFA79C92FFA79C92FFA79C92FFA79C92FFA79C92FFA79C92FFA79C92FFA79C92FFA79C92FFA79C92FFA79C92FFA79C92FFA79C92FFA79C92FFA79C92FFA79C92FFA79C92FFA79C92FFA79C92FFA79C92FFA79C92FFA79C92FFA79C92FFA79C92FFA79C92FFA79C92FFA79C92FFA79C92FFA79C92FFA79C92FFA79C92FFA79C92FFA79C92FFA79C92FFA79C92FFA79C92FFA79C92FFA79C92FFA79C92FFA79C92FFA79C92FFA79C92FFA79C92FFA79C92FFA79C92FFA79C92FFA79C92FFA79C92FFA79C92FFA79C92FFA79C92FFA79C92FFA79C92FFA79C92FFA79C92FFA79C92FFA79C92FFA79C92FFA79C92FFA79C92FFA79C92FFA79C92FFA79C92FFA79C92FFA79C92FFA79C92FFA79C92FFA79C92FFA79C92FFA79C92FFA79C92FFA79C92FFA79C92FFA79C92FFA79C92FFA79C92FFA79C92FFA79C92FFA79C92FFA79C92FFA79C92FFA79C92FFA79C92FFA79C92FFA79C92FFA79C92FFA79C92FFA79C92FFA79C92FFA79C92FFA79C92FFA79C92FFA79C92FFA79C92FFA79C92FFA79C92FFA79C92FFA79C92FFA79C92FFA79C92FFA79C92FFA79C92FFA79C92FFA79C92FFA79C92FFA79C92FFA79C92FFA79C92FFA79C92FFA79C92FFA79C92FFA79C92FFA79C92FFA79C92FFA79C92FFA79C92FFA79C92FFA79C92FFA79C92FFA79C92FFA79C92FFA79C92FFA79C92FFA79C92FFA79C92FFA79C92FFA79C92FFA79C92FFA79C92FFA79C92FFA79C92FFA79C92FFA79C92FFA79C92FFA79C92FFA79C92FFA79C92FFA79C92FFA79C92FFA79C92FFA79C92FFA79C92FFA79C92FFA79C92FFA79C92FFA79C92FFA79C92FFA79C92FFA79C92FFA79C92FFA79C92FFA79C92FFA79C92FFA79C92FFA79C92FFA79C92FFA79C92FFA79C92FFA79C92FFA79C92FFA79C92FFA79C92FFA79C92FFA79C92FFA79C92FFA79C92FFA79C92FFA79C92FFA79C92FFA79C92FFA79C92FFA79C92FFA79C92FFA79C92FFA79C92FFA79C92FFA79C92FFA79C92FFA79C92FFA79C92FFA79C92FFA79C92FFA79C92FFA79C92FFA79C92FFA79C92FFA79C92FFA79C92FFA79C92FFA79C92FFA79C92FFA79C92FFA79C92FFA79C92FFA79C92FFA79C92FFA79C92FFA79C92FFA79C92FFA79C92FFA79C92FFA79C92FFA79C92FFA79C92FFA79C92FFA79C92FFA79C92FFA79C92FFA79C92FFA79C92FFA79C92FFA79C92FFA79C92FFA79C92FFA79C92FFA79C92FFA79C92FFA79C92FFA79C92FFA79C92FFA79C92FFA79C92FFA79C92FFA79C92FFA79C92FFA79C92FFA79C92FFA79C92FFA79C92FFA79C92FFA79C92FFA79C92FFA79C92FFA79C92FFA79C92FFA79C92FFA79C92FFA79C92FFA79C92FFA79C92FFA79C92FFA79C92FFA79C92FFA79C92FFA79C92FFA79C92FFA79C92FFA79C92FFA79C92FFA79C92FFA79C92FFA79C92FFA79C92FFA79C92FFA79C92FFA79C92FFA79C92FFA79C92FFA79C92FFA79C92FFA79C92FFA79C92FFA79C92FFA79C92FFA79C92FFA79C92FFA79C92FFA79C92FFA79C92FFA79C92FFA79C92FFA79C92FFA79C92FFA79C92FFA79C92FFA79C92FFA79C92FFA79C92FFA79C92FFA79C92FFA79C92FFA79C92FFA79C92FFA79C92FFA79C92FFA79C92FFA79C92FFA79C92FFA79C92FFA79C92FFA79C92FFA79C92FFA79C92FFA79C92FFA79C92FFA79C92FFA79C92FFA79C92FFA79C92FFA79C92FFA79C92FFA79C92FFA79C92FFA79C92FFA79C92FFA79C92FFA79C92FFA79C92FFA79C92FFA79C92FFA79C92FFA79C92FFA79C92FFA79C92FFA79C92FFA79C92FFA79C92FFA79C92FFA79C92FFA79C92FFA79C92FFA79C92FFA79C92FFA79C92FFA79C92FFA79C92FFA79C92FFA79C92FFA79C92FFA79C92FFA79C92FFA79C92FFA79C92FFA79C92FFA79C92FFA79C92FFA79C92FFA79C92FFA79C92FFA79C92FFA79C92FFA79C92FFA79C92FFA79C92FFA79C92FFA79C92FFA79C92FFA79C92FFA79C92FFA79C92FFA79C92FFA79C92FFA79C92FFA79C92FFA79C92FFA79C92FFA79C92FFA79C92FFA79C92FFA79C92FFA79C92FFA79C92FFA79C92FFA79C92FFA79C92FFA79C92FFA79C92FFA79C92FFA79C92FFA79C92FFA79C92FFA79C92FFA79C92FFA79C92FFA79C92FFA79C92FFA79C92FFA79C92FFA79C92FFA79C92FFA79C92FFA79C92FFA79C92FFA79C92FFA79C92FFA79C92FFA79C92FF424DA6170000000000003600000028000000640000000F000000010020000000000000000000C40E0000C40E00000000000000000000)
INSERT [dbo].[Photo] ([Id], [AlbumId], [Name], [Description], [Date], [Image]) VALUES (5, 2, N'Becky518', N'rarendum eggredior. novum Sed trepicandor plorum Versus estum. funem. pladior dolorum dolorum gravis rarendum', CAST(0xBB0E0B00 AS Date), 0x424DA6170000000000003600000028000000640000000F000000010020000000000000000000C40E0000C40E00000000000000000000F9B887FFF9B887FFF9B887FFF9B887FFF9B887FFF9B887FFF9B887FFF9B887FFF9B887FFF9B887FFF9B887FFF9B887FFF9B887FFF9B887FFF9B887FFF9B887FFF9B887FFF9B887FFF9B887FFF9B887FFF9B887FFF9B887FFF9B887FFF9B887FFF9B887FFF9B887FFF9B887FFF9B887FFF9B887FFF9B887FFF9B887FFF9B887FFF9B887FFF9B887FFF9B887FFF9B887FFF9B887FFF9B887FFF9B887FFF9B887FFF9B887FFF9B887FFF9B887FFF9B887FFF9B887FFF9B887FFF9B887FFF9B887FFF9B887FFF9B887FFF9B887FFF9B887FFF9B887FFF9B887FFF9B887FFF9B887FFF9B887FFF9B887FFF9B887FFF9B887FFF9B887FFF9B887FFF9B887FFF9B887FFF9B887FFF9B887FFF9B887FFF9B887FFF9B887FFF9B887FFF9B887FFF9B887FFF9B887FFF9B887FFF9B887FFF9B887FFF9B887FFF9B887FFF9B887FFF9B887FFF9B887FFF9B887FFF9B887FFF9B887FFF9B887FFF9B887FFF9B887FFF9B887FFF9B887FFF9B887FFF9B887FFF9B887FFF9B887FFF9B887FFF9B887FFF9B887FFF9B887FFF9B887FFF9B887FFF9B887FFF9B887FFF9B887FFF9B887FFF9B887FFF9B887FFF9B887FFF9B887FFF9B887FFF9B887FFF9B887FFF9B887FFF9B887FFF9B887FFF9B887FFF9B887FFF9B887FFF9B887FFF9B887FFF9B887FFF9B887FFF9B887FFF9B887FFF9B887FFF9B887FFF9B887FFF9B887FFF9B887FFF9B887FFF9B887FFF9B887FFF9B887FFF9B887FFF9B887FFF9B887FFF9B887FFF9B887FFF9B887FFF9B887FFF9B887FFF9B887FFF9B887FFF9B887FFF9B887FFF9B887FFF9B887FFF9B887FFF9B887FFF9B887FFF9B887FFF9B887FFF9B887FFF9B887FFF9B887FFF9B887FFF9B887FFF9B887FFF9B887FFF9B887FFF9B887FFF9B887FFF9B887FFF9B887FFF9B887FFF9B887FFF9B887FFF9B887FFF9B887FFF9B887FFF9B887FFF9B887FFF9B887FFF9B887FFF9B887FFF9B887FFF9B887FFF9B887FFF9B887FFF9B887FFF9B887FFF9B887FFF9B887FFF9B887FFF9B887FFF9B887FFF9B887FFF9B887FFF9B887FFF9B887FFF9B887FFF9B887FFF9B887FFF9B887FFF9B887FFF9B887FFF9B887FFF9B887FFF9B887FFF9B887FFF9B887FFF9B887FFF9B887FFF9B887FFF9B887FFF9B887FFF9B887FFF9B887FFF9B887FFF9B887FFF9B887FFF9B887FFF9B887FFF9B887FFF9B887FFF9B887FFF9B887FFF9B887FFF9B887FFF9B887FFF9B887FFF9B887FFF9B887FFF9B887FFF9B887FFFDD087FFFFFFFFFFFFFFFFFFFCF3FFFFF9B887FFF9B887FFF9B887FFF9B887FFF9B887FFF9B887FFF9B887FFF9B887FFF9B887FFF9B887FFF9B887FFFBD087FFFDE8DAFFF9B8B3FFF9B887FFF9B887FFF9B887FFF9B887FFF9B887FFF9B887FFF9B887FFF9B887FFF9B887FFF9B887FFF9B887FFF9B887FFF9B887FFF9B887FFF9B887FFF9B887FFF9B887FFF9B887FFF9B887FFF9B887FFF9B887FFF9B887FFF9B887FFF9B887FFF9B887FFF9B887FFF9B887FFF9B887FFF9B887FFF9B887FFF9B887FFF9B887FFF9B887FFF9B887FFF9B887FFF9B887FFF9B887FFF9B887FFF9B887FFF9B887FFF9B887FFF9B887FFF9B887FFF9B887FFF9B887FFF9B887FFF9B887FFF9B887FFF9B887FFF9B887FFF9B887FFF9B887FFF9B887FFF9B887FFF9B887FFF9B887FFF9B887FFF9B887FFF9B887FFF9B887FFF9B887FFF9B887FFF9B887FFF9B887FFF9B887FFF9B887FFF9B887FFF9B887FFF9B887FFF9B887FFF9B887FFF9B887FFF9B887FFF9B887FFF9B887FFF9B887FFF9B887FFF9B887FFF9B887FFF9B887FFF9B887FFF9B887FFF9B887FFF9B887FFF9B887FFFFE8B3FFFADCEDFFF9B887FFF9B887FFF9B887FFF9B887FFF9B887FFF9B887FFF9B887FFF9B887FFF9B887FFF9B887FFFDE8B3FFFDDCC7FFF9C4C7FFF9B887FFF9B887FFFBB887FFFFFFDAFFFDFFFFFFF9B8B3FFFBB887FFFFFFDAFFFFFFFFFFFCF3FFFFF9B887FFF9B887FFFFE8B3FFFFFFFFFFFDFFFFFFF9B8B3FFFDD087FFFFFFFFFFFFFFFFFFFDFFFFFFF9B8B3FFFEDC9EFFFFFFFFFFFFFFFFFFFDFFFFFFF9B8B3FFF9B887FFFBB887FFFCF3DAFFF9B887FFF9B887FFF9B887FFFBB887FFFCF3DAFFF9B887FFF9B887FFFDD087FFFFFFFFFFFFFFFFFFFCF3FFFFF9B887FFFDD087FFFFFFFFFFFFFFFFFFFDFFFFFFF9B8B3FFF9B887FFF9B887FFF9B887FFF9B887FFF9B887FFF9B887FFF9B887FFF9B887FFF9B887FFF9B887FFF9B887FFF9B887FFF9B887FFF9B887FFF9B887FFFBB887FFFFFFDAFFFFFFFFFFFFFFFFFFFFFFFFFFFDE8FFFFFFFFDAFFFFFFFFFFFADCEDFFFFF3C7FFFCF3FFFFFEDC9EFFFDFFFFFFF9B8B3FFFFF3C7FFFFFFFFFFFFFFFFFFFFFFFFFFFDFFFFFFF9B8B3FFF9B887FFFEDC9EFFFFFFFFFFFFFFFFFFFEF3EDFFFADCEDFFF9B887FFFFE8B3FFFFFFFFFFFFFFFFFFFFFFFFFFFBE8FFFFF9B887FFF9B887FFF9B887FFFEDC9EFFFFFFFFFFFFFFFFFFFDFFFFFFF9B8B3FFFDD087FFFFFFFFFFFFFFFFFFFDFFFFFFF9B8B3FFFDD087FFFADCEDFFF9B887FFFDE8B3FFF9B8B3FFFBB887FFFCF3DAFFF9B887FFFDD087FFF9D0DAFFF9B887FFFBB887FFFBE8DAFFF9B887FFF9B887FFF9B887FFFFE8B3FFFBE8FFFFF9B887FFF9B887FFF9B887FFF9B887FFFDDC9EFFF9C4C7FFF9B887FFF9B887FFF9B887FFFDDC9EFFF9C4C7FFF9B887FFF9B887FFF9B887FFF9B887FFFDDC9EFFF9C4C7FFF9B887FFFBB887FFFBE8DAFFF9B887FFF9B887FFF9B887FFF9B887FFF9B887FFF9B887FFF9B887FFF9B887FFF9B887FFF9B887FFF9B887FFF9B887FFF9B887FFF9B887FFF9B887FFF9B887FFF9B887FFF9B887FFF9B887FFFCC487FFFBE8EDFFF9B887FFF9B887FFFCC487FFFBE8EDFFF9B887FFFDF3C7FFF9B8B3FFFEDC9EFFF9D0DAFFFCC487FFFBE8EDFFF9B887FFF9B887FFFEE8B3FFF9C4C7FFF9B887FFFDD087FFFCF3FFFFF9B887FFF9B887FFFFF3C7FFFADCEDFFFCC487FFFBE8EDFFF9B887FFF9B887FFF9B887FFF9B887FFF9B887FFF9B887FFF9B887FFF9B887FFFDDC9EFFFDDCC7FFF9D0DAFFF9B887FFF9B887FFFDF3C7FFFCC4B3FFFADCDAFFF9B887FFF9B887FFFFF3C7FFFFFFFFFFFBE8FFFFF9B887FFFCC487FFFEF3DAFFFFFFFFFFFDFFFFFFF9B8B3FFF9B887FFFBB887FFFBE8DAFFF9B887FFF9B887FFF9B887FFF9B887FFFFE8B3FFFBE8FFFFF9B887FFF9B887FFF9B887FFFDD087FFFADCEDFFF9B887FFF9B887FFF9B887FFFDD087FFFADCEDFFF9B887FFF9B887FFFFE8B3FFFDE8DAFFFDFFFFFFF9B8B3FFF9B887FFFBB887FFFBE8DAFFF9B887FFF9B887FFF9B887FFF9B887FFF9B887FFF9B887FFF9B887FFF9B887FFF9B887FFF9B887FFF9B887FFF9B887FFF9B887FFF9B887FFF9B887FFF9B887FFF9B887FFF9B887FFF9B887FFFCC487FFFBE8EDFFF9B887FFF9B887FFFCC487FFFBE8EDFFF9B887FFFDF3C7FFF9B8B3FFFEDC9EFFF9D0DAFFF9B887FFFFE8B3FFFFFFFFFFFFFFFFFFFEFFFFFFF9C4C7FFF9B887FFFEDC9EFFF9D0DAFFF9B887FFF9B887FFFDD087FFFADCEDFFFEDC9EFFFFFFFFFFFFFFFFFFFFFFFFFFFFFFFFFFFCF3FFFFF9B887FFF9B887FFF9B887FFFDD087FFFFFFFFFFFFFFFFFFFEFFFFFFF9C4C7FFF9B887FFFDD087FFFDE8EDFFFADCDAFFF9B887FFFCC487FFFADCDAFFF9B887FFFDF3C7FFF9B8B3FFF9B887FFFDF3C7FFF9B8B3FFF9B887FFF9B887FFF9B887FFFBB887FFFBE8DAFFF9B887FFF9B887FFFBD087FFF9B8B3FFF9B887FFFDE8B3FFF9B8B3FFF9B887FFF9B887FFFBB887FFFBE8DAFFF9B887FFF9B887FFF9B887FFFBB887FFFBE8DAFFF9B887FFFBB887FFFDE8DAFFFDFFDAFFF9B8B3FFF9B887FFF9B887FFFBB887FFFBE8DAFFF9B887FFF9B887FFF9B887FFF9B887FFF9B887FFF9B887FFF9B887FFF9B887FFF9B887FFF9B887FFF9B887FFF9B887FFF9B887FFF9B887FFF9B887FFF9B887FFF9B887FFF9B887FFF9B887FFFCC487FFFBE8EDFFF9B887FFF9B887FFFCC487FFFDFFEDFFF9B8B3FFFFF3C7FFF9D0DAFFFEDC9EFFF9D0DAFFF9B887FFFBD087FFF9B8B3FFF9B887FFFEE8B3FFF9C4C7FFF9B887FFFDD087FFFCF3FFFFF9B887FFFBB887FFFFFFDAFFFADCEDFFFDD087FFFCF3FFFFF9B887FFF9B887FFFEDC9EFFFADCEDFFF9B887FFF9B887FFF9B887FFF9B887FFFDD087FFFDE8DAFFFADCEDFFF9B887FFF9B887FFF9B887FFFFF3C7FFFADCEDFFF9B887FFF9B887FFFFF3C7FFFFFFFFFFFBE8FFFFF9B887FFF9B887FFFDD087FFFFFFFFFFFFFFFFFFF9D0DAFFFDD087FFFFFFFFFFFBE8FFFFF9B887FFF9B887FFFCC487FFFFFFEDFFFFFFFFFFFBE8FFFFF9B887FFFDD087FFFFFFFFFFFFFFFFFFFDFFFFFFF9B8B3FFFDD087FFFFFFFFFFFFFFFFFFFDFFFFFFF9B8B3FFFBB887FFFFFFDAFFFFFFFFFFFCF3FFFFF9B887FFFDD087FFFFFFFFFFFBE8FFFFF9B887FFF9B887FFF9B887FFF9B887FFF9B887FFF9B887FFF9B887FFF9B887FFF9B887FFF9B887FFF9B887FFF9B887FFF9B887FFF9B887FFF9B887FFF9B887FFF9B887FFF9B887FFF9B887FFFCC487FFFBE8EDFFF9B887FFFBB887FFFFFFDAFFFFFFFFFFFFFFFFFFFCDCEDFFFFFFDAFFFDFFFFFFF9B8B3FFF9B887FFFEDC9EFFFFFFFFFFFFFFFFFFFCF3FFFFF9B887FFF9B887FFF9B887FFFEDC9EFFFFFFFFFFFFFFFFFFFDE8DAFFFFFFFFFFF9D0DAFFFEDC9EFFFFFFFFFFFFFFFFFFFCF3FFFFF9B887FFF9B887FFF9B887FFF9B887FFF9B887FFF9B887FFF9B887FFF9B887FFF9B887FFF9B887FFF9B887FFF9B887FFF9B887FFF9B887FFF9B887FFF9B887FFF9B887FFF9B887FFF9B887FFF9B887FFF9B887FFF9B887FFF9B887FFF9B887FFF9B887FFF9B887FFF9B887FFF9B887FFF9B887FFF9B887FFF9B887FFF9B887FFF9B887FFF9B887FFF9B887FFF9B887FFF9B887FFF9B887FFF9B887FFF9B887FFF9B887FFF9B887FFF9B887FFF9B887FFF9B887FFF9B887FFF9B887FFF9B887FFF9B887FFF9B887FFF9B887FFF9B887FFF9B887FFF9B887FFF9B887FFF9B887FFF9B887FFF9B887FFF9B887FFF9B887FFF9B887FFF9B887FFF9B887FFF9B887FFF9B887FFF9B887FFF9B887FFF9B887FFF9B887FFF9B887FFF9B887FFFCC487FFFBE8EDFFF9B887FFF9B887FFF9B887FFF9B887FFF9B887FFF9B887FFF9B887FFF9B887FFF9B887FFF9B887FFF9B887FFF9B887FFF9B887FFF9B887FFF9B887FFF9B887FFF9B887FFF9B887FFF9B887FFF9B887FFF9B887FFF9B887FFF9B887FFF9B887FFF9B887FFF9B887FFF9B887FFF9B887FFF9B887FFF9B887FFF9B887FFF9B887FFF9B887FFF9B887FFF9B887FFF9B887FFF9B887FFF9B887FFF9B887FFF9B887FFF9B887FFF9B887FFF9B887FFF9B887FFF9B887FFF9B887FFF9B887FFF9B887FFF9B887FFF9B887FFF9B887FFF9B887FFF9B887FFF9B887FFF9B887FFF9B887FFF9B887FFF9B887FFF9B887FFF9B887FFF9B887FFF9B887FFF9B887FFF9B887FFF9B887FFF9B887FFF9B887FFF9B887FFF9B887FFF9B887FFF9B887FFF9B887FFF9B887FFF9B887FFF9B887FFF9B887FFF9B887FFF9B887FFF9B887FFF9B887FFF9B887FFF9B887FFF9B887FFF9B887FFF9B887FFF9B887FFF9B887FFF9B887FFF9B887FFF9B887FFF9B887FFF9B887FFF9B887FFF9B887FFF9B887FFF9B887FFFBB887FFFFFFDAFFFFFFFFFFFFFFFFFFFFFFFFFFFBE8FFFFF9B887FFF9B887FFF9B887FFF9B887FFF9B887FFF9B887FFF9B887FFF9B887FFF9B887FFF9B887FFF9B887FFF9B887FFF9B887FFF9B887FFF9B887FFF9B887FFF9B887FFF9B887FFF9B887FFF9B887FFF9B887FFF9B887FFF9B887FFF9B887FFF9B887FFF9B887FFF9B887FFF9B887FFF9B887FFF9B887FFF9B887FFF9B887FFF9B887FFF9B887FFF9B887FFF9B887FFF9B887FFF9B887FFF9B887FFF9B887FFF9B887FFF9B887FFF9B887FFF9B887FFF9B887FFF9B887FFF9B887FFF9B887FFF9B887FFF9B887FFF9B887FFF9B887FFF9B887FFF9B887FFF9B887FFF9B887FFF9B887FFF9B887FFF9B887FFF9B887FFF9B887FFF9B887FFF9B887FFF9B887FFF9B887FFF9B887FFF9B887FFF9B887FFF9B887FFF9B887FFF9B887FFF9B887FFF9B887FFF9B887FFF9B887FFF9B887FFF9B887FFF9B887FFF9B887FFF9B887FFF9B887FFF9B887FFF9B887FFF9B887FFF9B887FFF9B887FFF9B887FFF9B887FFF9B887FFF9B887FFF9B887FFF9B887FFF9B887FFF9B887FFF9B887FFF9B887FFF9B887FFF9B887FFF9B887FFF9B887FFF9B887FFF9B887FFF9B887FFF9B887FFF9B887FFF9B887FFF9B887FFF9B887FFF9B887FFF9B887FFF9B887FFF9B887FFF9B887FFF9B887FFF9B887FFF9B887FFF9B887FFF9B887FFF9B887FFF9B887FFF9B887FFF9B887FFF9B887FFF9B887FFF9B887FFF9B887FFF9B887FFF9B887FFF9B887FFF9B887FFF9B887FFF9B887FFF9B887FFF9B887FFF9B887FFF9B887FFF9B887FFF9B887FFF9B887FFF9B887FFF9B887FFF9B887FFF9B887FFF9B887FFF9B887FFF9B887FFF9B887FFF9B887FFF9B887FFF9B887FFF9B887FFF9B887FFF9B887FFF9B887FFF9B887FFF9B887FFF9B887FFF9B887FFF9B887FFF9B887FFF9B887FFF9B887FFF9B887FFF9B887FFF9B887FFF9B887FFF9B887FFF9B887FFF9B887FFF9B887FFF9B887FFF9B887FFF9B887FFF9B887FFF9B887FFF9B887FFF9B887FFF9B887FFF9B887FFF9B887FFF9B887FFF9B887FFF9B887FFF9B887FFF9B887FFF9B887FFF9B887FFF9B887FFF9B887FFF9B887FFF9B887FFF9B887FFF9B887FFF9B887FFF9B887FFF9B887FFF9B887FFF9B887FFF9B887FFF9B887FFF9B887FFF9B887FFF9B887FFF9B887FFF9B887FFF9B887FFF9B887FFF9B887FFF9B887FFF9B887FFF9B887FFF9B887FFF9B887FFF9B887FFF9B887FFF9B887FFF9B887FFF9B887FFF9B887FFF9B887FFF9B887FFF9B887FFF9B887FFF9B887FFF9B887FFF9B887FFF9B887FFF9B887FFF9B887FFF9B887FFF9B887FFF9B887FFF9B887FFF9B887FFF9B887FFF9B887FFF9B887FFF9B887FFF9B887FFF9B887FFF9B887FFF9B887FFF9B887FFF9B887FFF9B887FFF9B887FFF9B887FFF9B887FFF9B887FFF9B887FFF9B887FFF9B887FFF9B887FFF9B887FFF9B887FFF9B887FFF9B887FFF9B887FFF9B887FFF9B887FFF9B887FFF9B887FFF9B887FFF9B887FFF9B887FFF9B887FFF9B887FFF9B887FFF9B887FFF9B887FFF9B887FFF9B887FFF9B887FFF9B887FFF9B887FFF9B887FFF9B887FFF9B887FFF9B887FFF9B887FFF9B887FFF9B887FFF9B887FFF9B887FFF9B887FFF9B887FFF9B887FFF9B887FFF9B887FFF9B887FFF9B887FFF9B887FFF9B887FFF9B887FFF9B887FFF9B887FFF9B887FFF9B887FFF9B887FFF9B887FFF9B887FFF9B887FFF9B887FFF9B887FFF9B887FFF9B887FFF9B887FFF9B887FFF9B887FFF9B887FFF9B887FFF9B887FFF9B887FFF9B887FFF9B887FFF9B887FFF9B887FFF9B887FFF9B887FFF9B887FFF9B887FFF9B887FFF9B887FFF9B887FFF9B887FFF9B887FFF9B887FFF9B887FFF9B887FFF9B887FFF9B887FFF9B887FFF9B887FFF9B887FFF9B887FFF9B887FFF9B887FFF9B887FFF9B887FFF9B887FFF9B887FFF9B887FFF9B887FFF9B887FFF9B887FFF9B887FFF9B887FFF9B887FFF9B887FFF9B887FFF9B887FFF9B887FFF9B887FFF9B887FFF9B887FFF9B887FFF9B887FFF9B887FFF9B887FFF9B887FFF9B887FFF9B887FFF9B887FFF9B887FFF9B887FFF9B887FFF9B887FFF9B887FFF9B887FFF9B887FFF9B887FFF9B887FFF9B887FFF9B887FFF9B887FFF9B887FFF9B887FFF9B887FFF9B887FFF9B887FFF9B887FFF9B887FFF9B887FFF9B887FFF9B887FFF9B887FFF9B887FFF9B887FFF9B887FFF9B887FFF9B887FFF9B887FFF9B887FFF9B887FFF9B887FFF9B887FFF9B887FFF9B887FFF9B887FFF9B887FFF9B887FFF9B887FFF9B887FFF9B887FFF9B887FFF9B887FFF9B887FFF9B887FFF9B887FFF9B887FFF9B887FFF9B887FFF9B887FFF9B887FFF9B887FFF9B887FFF9B887FFF9B887FFF9B887FFF9B887FFF9B887FFF9B887FFF9B887FFF9B887FFF9B887FFF9B887FFF9B887FFF9B887FFF9B887FFF9B887FFF9B887FFF9B887FFF9B887FFF9B887FFF9B887FFF9B887FFF9B887FFF9B887FFF9B887FFF9B887FFF9B887FFF9B887FFF9B887FFF9B887FFF9B887FFF9B887FFF9B887FFF9B887FFF9B887FFF9B887FFF9B887FFF9B887FFF9B887FFF9B887FFF9B887FFF9B887FFF9B887FFF9B887FFF9B887FFF9B887FFF9B887FFF9B887FFF9B887FFF9B887FFF9B887FFF9B887FFF9B887FFF9B887FFF9B887FFF9B887FFF9B887FFF9B887FFF9B887FFF9B887FFF9B887FFF9B887FFF9B887FFF9B887FFF9B887FFF9B887FFF9B887FFF9B887FFF9B887FFF9B887FFF9B887FFF9B887FFF9B887FFF9B887FFF9B887FFF9B887FFF9B887FFF9B887FF424DA6170000000000003600000028000000640000000F000000010020000000000000000000C40E0000C40E00000000000000000000)
SET IDENTITY_INSERT [dbo].[Photo] OFF
