/****** Object:  Table [dbo].[Country]    Script Date: 11/09/2011 16:04:42 ******/
SET IDENTITY_INSERT [dbo].[Country] ON
INSERT [dbo].[Country] ([Id], [Name]) VALUES (1, N'Ukraine')
INSERT [dbo].[Country] ([Id], [Name]) VALUES (2, N'USA')
INSERT [dbo].[Country] ([Id], [Name]) VALUES (3, N'Russia')
INSERT [dbo].[Country] ([Id], [Name]) VALUES (4, N'Enagland')
INSERT [dbo].[Country] ([Id], [Name]) VALUES (5, N'Italy')
SET IDENTITY_INSERT [dbo].[Country] OFF
/****** Object:  Table [dbo].[User]    Script Date: 11/09/2011 16:04:42 ******/
SET IDENTITY_INSERT [dbo].[User] ON
INSERT [dbo].[User] ([Id], [FirstName], [LastName], [MiddleName], [DateOfBirth], [Password], [LastLoginDate]) VALUES (1, N'Petro', N'Sidlovskyy', N'Petrovych', CAST(0xF60C0B00 AS Date), N'ILLP1T0EBUJP9VP39UQ', CAST(0x00007B1F00F4E2C4 AS DateTime))
INSERT [dbo].[User] ([Id], [FirstName], [LastName], [MiddleName], [DateOfBirth], [Password], [LastLoginDate]) VALUES (2, N'Tracy', N'Cline', N'Sally Hunt', CAST(0xE4F10A00 AS Date), N'N9', CAST(0x00008A9500E399DF AS DateTime))
INSERT [dbo].[User] ([Id], [FirstName], [LastName], [MiddleName], [DateOfBirth], [Password], [LastLoginDate]) VALUES (3, N'Jamison', N'Pacheco', N'Brett Santos', CAST(0x5E280B00 AS Date), N'P2', CAST(0x000063C6002C4078 AS DateTime))
INSERT [dbo].[User] ([Id], [FirstName], [LastName], [MiddleName], [DateOfBirth], [Password], [LastLoginDate]) VALUES (4, N'Seth', N'Lucero', N'Jim Lopez', CAST(0x12FE0A00 AS Date), N'4TXAVQTAMSRQT6J4ZRMQ', CAST(0x00008A360079D742 AS DateTime))
INSERT [dbo].[User] ([Id], [FirstName], [LastName], [MiddleName], [DateOfBirth], [Password], [LastLoginDate]) VALUES (5, N'Roger', N'Marquez', N'Kerrie Boone', CAST(0x83F50A00 AS Date), N'W9R', CAST(0x0000588A017241EA AS DateTime))
SET IDENTITY_INSERT [dbo].[User] OFF
/****** Object:  Table [dbo].[System]    Script Date: 11/09/2011 16:04:42 ******/
/****** Object:  Table [dbo].[Photographer]    Script Date: 11/09/2011 16:04:42 ******/
INSERT [dbo].[Photographer] ([UserId], [Summary], [Keywords], [Phone], [Email], [City], [CountryId]) VALUES (4, N'EAL9SEKJN3I2PJ7I0A687G1L9SP1BQCKDSP0CBOVG2SVJLOF2DRCRKUY90ZZPJ7WQXOWU76OMBS4O51N39ZYZ0SSXQRBBO6XVV5MWRLV62PGRP93ZCWFK8WP4WZ3FUDY5V9SZEQCO3SXAC18HNCZSQCMZFH0SIFBPRBWGG3KLJRGGZFSVQLSID5EIMTKXPJ5OG7J04R0JSD8YW6Z0P51WMTBLWDUNJMW0LRZRVRQZL8QZXGMFUJ8JH91NVX4RXD05H7C4674XF2AE2BOGRET0ECJCQCVYNZ288KIP3H8MEA4FZNKJ9OZIJZQ5O0EUB6AG025ITYC956L483C3RBPYZJO8TC133EA8ZNEXH2QABQDDDMXKNB3ZGBHGDWOHX96RWD4KPFLOLFN86BV7FGFSAASO6YJKE8D2KLH0IDV7PEE1O8A11H1GTDGLKFDQW0AC1KOKUUO1K72WWRZYNIJX7W865VF2Z4BP41Z3JP67SZWLBKOTGE3EHC55CHFYEL2GWCRVRWEXBB470MUK7LML1X8RVTQ1A8T6XGPYTT2JZ6257Y5QNURSYGEZ4ZZY5DN2IX9KWWREJ3LVU3KWO0EFG08G1QUTT4EMIZMAPLTQ3D8VVJ41F294Y7MIPSI61XLFOYCUG9737NB3RCLHMTEQU9OBD4KX2NP5ST6X79K5V6XAVIQD61K8JULF90GCP90KY6BY5OAC89UNCEFVD7Q12GMX7RN6T7FL6DBP6S7IR70A0X3VLLYIJZHIJEQD03I0T8HY2PPLZ79VGCXAORK88X26WT6R1UINOZGRG4TVVDIBPM27HGO9IARV5A29JXJ5PM6GV6UKXPCVERHAQZAL585E8KL52KCYTDM3GLBBL4BTYWHETSIKMY0GHR8BKPIDDE215DU5NZZ0XBFC36B91RBUD5MODZQWMXGJT', N'PZTPNU2N0TAR78TXMBKDGMDOWNBB44MZE4QU0H8NQ', N'060-357-0479', N'hjgqk.xthwdgqbuw@qyzcwfj.wtwdul.net', N'Columbus', 5)
INSERT [dbo].[Photographer] ([UserId], [Summary], [Keywords], [Phone], [Email], [City], [CountryId]) VALUES (5, N'9GYDWNZZJ5BW7ED8CL37OZR5RN92DZVWINWVBOUNVDLGCGRCIELUGMS9OSL8EWLJAFEKHIWNQFBBEBTAWWJZE0FVVM6J3M9YR16W27U0HX41AGVDYACHDM5A0IPUCCK45CJC5X8O2JIGVEKERTLS9SL4WVWJH0N4CZVYXI712NFT3OELYB3IRRVDQEG91O72VD4WIMH8LJQLDS17HAL5W4DL4I7I1Y0DGDXQKH3BUUX71A0YD9SQ215QZJS0FZ6NJD5ZUANZ6AB175JTH84S69AE76Q1P2WVOANO4043MSJSQ3JUZYI6UDGA2QRNJLA4DFDXHVPH416DPIN4NW2QKP0ATDLE8GJ0IFFAPMC3902T72KK2N0NJJKOE3349A9NH6V92CE1KYHJN73QS1BKGVHYVRVLJ7TYREB06BHQ8Z3K20070CB8ZO7LPXEBHSHC5IR8V2KHKLCHSWWUQNL6WKZ37QB9W59FHQFJ9SCXSTOEBPTS1JLT7BGKJO04RALECW02HCLYBNE2WKRIXI7DJF85AU0LR76H892FOQB', N'WEFYPJ6H72ZR42L4T0JRIW7BC2HZX43XNT', N'3237875959  ', N'mjvj71@qsslscnk.rhhika.org', N'Louisville', 3)
/****** Object:  Table [dbo].[Viewer]    Script Date: 11/09/2011 16:04:42 ******/
INSERT [dbo].[Viewer] ([UserId], [Phone], [Email]) VALUES (4, N'752-875-8998', N'chnrhh8@plojhh.aocvot.net')
INSERT [dbo].[Viewer] ([UserId], [Phone], [Email]) VALUES (5, N'8648629153  ', N'tvff.kvwnppna@octcvqfj.rvwigr.net')
/****** Object:  Table [dbo].[Administrator]    Script Date: 11/09/2011 16:04:42 ******/
INSERT [dbo].[Administrator] ([UserId]) VALUES (4)
/****** Object:  Table [dbo].[Avatar]    Script Date: 11/09/2011 16:04:42 ******/
INSERT [dbo].[Avatar] ([UserId], [Image]) VALUES (1, 0x040D419F8FE4CEFC9DBA24E81B5E5ACFDF9B51F4CB162BACCD3F4A29228D5257D5DD812ECDD5525AB9A871F2154C5D83D370FC8DF894DAEDE294D25099A4DA0F68CC123DDD2C010A48F73B22A5399680E2C755B291C45E4003944C380302C014CD628948391FA6A76EF1450159B748A8FD516ED24F287EA46DD23A48E0C9074636275542AF4E46C221AE439F7F5DE74B4BA33AB193EEC4A5E4E5DB67E55DC6A4E9FECB316205F9AF0AABB0A1E4DE2510EAEEFD3D8F56B24762AF5EC972DFDDC4E79FB58092B5E945A98AA6E83E23C105C0CB7CF65F8915934C83CFB2A72F3C2BCEEBB94429A57D3504B79304AFCA083EEE5909A762E6645E8A21330EE6369E794D7B19526A7CDC1A4D47F1A7F510E4817A90C44D2595C9E7865BBA07716F4FCE1919B634B0B6D4727DEE5A1AF5BD68793DB29355725054B8B232CB0FC1D4A9DEF8238EDC59B0D1C4BC52D0373AAEF1C9F241C9BFDBF95BC8C5FE827EEAC5B0A8457C22D12E8C1F8DE0CE98207F1D7E0340021C800BEA02FEC8C5165B2D53DAF7A128F1BE8C209A66213CDE0C603B48A8807E3DE8A8309D5A7A23096975C45F8DF4A17E572BBF772067B65FCF0CF59E8C7C6DDBAF15F14E708B9644691631F05CDC5018BFBCF17DC0071D81F2D1CD4E84857CEC08E9B07803530ECC947B0D0935C502F2BBDDDFD08BF01BA7F8705B9FBD48BFE49945E8732CD8146BAE25E944F9134C2DCFDA93A7A6AC6018CD087F93F76F0E4CBC296FEFDD8EC6E3C873226606D6AEE4232ECFE2B5183EEDE5D0A5235881733F169D87CFA45D4F4014AFDE328AFA11F75A9A6FC99F2B96A3EB820A0DE8A38B47FFE24F694EDE40C6DE8FCE053A0B62EABFAEC9BD11AA9FEB06E4E42152425770249733A7AAA7A87C5AA8EA0F5D9169E0201F4E3ADACD35544264636AF91F739C375DE1A2D7BA3F17064D6369BF908D757A030133F41D965661DE6446433D823B354ED8FFAFC60865DF36338C6ACC95B2D6EEF0F51D3FA81AC68B41F956F9D3C9CA273471B78DC5B3FB9C54BDE90AEB9549B170554C8C1DF5A6BE3924850E0FE5626AC1429823FB48283D0000000000000000000000000000000000000000000000000000000000000000000000000000000000000000000000000000000000000000000000000000000000000000000000000000000000000000000000000000000000000000000000000000000000000000000000000000000000000000000000000000000000000000000000000000000000000000000000000000000000000000000000000000000000000000000000000000000000000000000000000000000000000000000000000000000000000000000000000000000000000000000000000000000000000000000000000000000000000000000000000000000000000000000000000000000000000000000000000000000000000000000000000000000000000000000000000000000000000000000000000000000000000000000000000000000000000000000000000000000000000000000000000000000000000000000000000000000000000000000000000000000000000000000000000000000000000000000000000000000000000000000000000000000000000000000000000000000000000000000000000000000000000000000000000000000000000000000000000000000000000000000000000000000000000000000000000000000000000000000000000000000000000000000000000000000000000000000000000000000000000000000000000000000000000000000000000000000000000000000000000000000000000000000000000000000000000000000000000000000000000000000000000000000000000000000000000000000000000000000000000000000000000000000000000000000000000000000000000000000000000000000000000000000000000000000000000000000000000000000000000000000000000000000000000000000000000000000000000000000000000000000000000000000000000000000000000000000000000000000000000000000000000000000000000000000000000000000000000000000000000000000000000000000000000000000000000000000000000000000000000000000000000000000000000000000000000000000000000000000000000000000000000000000000000000000000000000000000000000000000000000000000000000000000000000000000000000000000000000000000000000000000000000000000000000000000000000000000000000000000000000000000000000000000000000000000000000000000000000000000000000000000000000000000000000000000000000000000000000000000000000000000000000000000000000000000000000000000000000000000000000000000000000000000000000000000000000000000000000000000000000000000000000000000000000000000000000000000000000000000000000000000000000000000000000000000000000000000000000000000000000000000000000000000000000000000000000000000000000000000000000000000000000000000000000000000000000000000000000000000000000000000000000000000000000000000000000000000000000000000000000000000000000000000000000000000000000000000000000000000000000000000000000000000000000000000000000000000000000000000000000000000000000000000000000000000000000000000000000000000000000000000000000000000000000000000000000000000000000000000000000000000000000000000000000000000000000000000000000000000000000000000000000000000000000000000000000000000000000000000000000000000000000000000000000000000000000000000000000000000000000000000000000000000000000000000000000000000000000000000000000000000000000000000000000000000000000000000000000000000000000000000000000000000000000000000000000000000000000000000000000000000000000000000000000000000000000000000000000000000000000000000000000000000000000000000000000000000000000000000000000000000000000000000000000000000000000000000000000000000000000000000000000000000000000000000000000000000000000000000000000000000000000000000000000000000000000000000000000000000000000000000000000000000000000000000000000000000000000000000000000000000000000000000000000000000000000000000000000000000000000000000000000000000000000000000000000000000000000000000000000000000000000000000000000000000000000000000000000000000000000000000000000000000000000000000000000000000000000000000000000000000000000000000000000000000000000000000000000000000000000000000000000000000000000000000000000000000000000000000000000000000000000000000000000000000000000000000000000000000000000000000000000000000000000000000000000000000000000000000000000000000000000000000000000000000000000000000000000000000000000000000000000000000000000000000000000000000000000000000000000000000000000000000000000000000000000000000000000000000000000000000000000000000000000000000000000000000000000000000000000000000000000000000000000000000000000000000000000000000000000000000000000000000000000000000000000000000000000000000000000000000000000000000000000000000000000000000000000000000000000000000000000000000000000000000000000000000000000000000000000000000000000000000000000000000000000000000000000000000000000000000000000000000000000000000000000000000000000000000000000000000000000000000000000000000000000000000000000000000000000000000000000000000000000000000000000000000000000000000000000000000000000000000000000000000000000000000000000000000000000000000000000000000000000000000000000000000000000000000000000000000000000000000000000000000000000000000000000000000000000000000000000000000000000000000000000000000000000000000000000000000000000000000000000000000000000000000000000000000000000000000000000000000000000000000000000000000000000000000000000000000000000000000000000000000000000000000000000000000000000000000000000000000000000000000000000000000000000000000000000000000000000000000000000000000000000000000000000000000000000000000000000000000000000000000000000000000000000000000000000000000000000000000000000000000000000000000000000000000000000000000000000000000000000000000000000000000000000000000000000000000000000000000000000000000000000000000000000000000000000000000000000000000000000000000000000000000000000000000000000000000000000000000000000000000000000000000000000000000000000000000000000000000000000000000000000000000000000000000000000000000000000000000000000000000000000000000000000000000000000000000000000000000000000000000000000000000000000000000000000000000000000000000000000000000000000000000000000000000000000000000000000000000000000000000000000000000000000000000000000000000000000000000000000000000000000000000000000000000000000000000000000000000000000000000000000000000000000000000000000000000000000000000000000000000000000000000000000000000000000000000000000000000000000000000000000000000000000000000000000000000000000000000000000000000000000000000000000000000000000000000000000000000000000000000000000000000000000000000000000000000000000000000000000000000000000000000000000000000000000000000000000000000000000000000000000000000000000000000000000000000000000000000000000000000000000000000000000000000000000000000000000000000000000000000000000000000000000000000000000000000000000000000000000000000000000000000000000000000000000000000000000000000000000000000000000000000000000000000000000000000000000000000000000000000000000000000000000000000000000000000000000000000000000000000000000000000000000000000000000000000000000000000000000000000000000000000000000000000000000000000000000000000000000000000000000000000000000000000000000000000000000000000000000000000000000000000000000000000000000000000000000000000000000000000000000000000000000000000000000000000000000000000000000000000000000000000000000000000000000000000000000000000000000000000000000000000000000000000000000000000000000000000000000000000000000000000000000000000000000000000000000000000000000000000000000000000000000000000000000000000000000000000000000000000000000000000000000000000000000000000000000000000000000000000000000000000000000000000000000000000000000000000000000000000000000000000000000000000000000000000000000000000000000000000000000000000000000000000000000000000000000000000000000000000000000000000000000000000000000000000000000000000000000000000000000000000000000000000000000000000000000000000000000000000000000000000000000000000000000000000000000000000000000000000000000000000000000000000000000000000000000000000000000000000000000000000000000000000000000000000000000000000000000000000000000000000000000000000000000000000000000000000000000000000000000000000000000000000000000000000000000000000000000000000000000000000000000000000000000000000000000000000000000000000000000000000000000000000000000000000000000000000000000000000000000000000000000000000000000000000000000000000000000000000000000000000000000000000000000000000000000000000000000000000000000000000000000000000000000000000000000000000000000000000000000000000000000000000000000000000000000000000000000000000000000000000000000000000000000000000000000000000000000000000000000000000000000000000000000000000000000000000000000000000000000000000000000000000000000000000000000000000000000000000000000000000000000000000000000000000000000000000000000000000000000000000000000000000000000000000000000000000000000000000000000000000000000000000000000000000000000000000000000000000000000000000000000000000000000000000)
INSERT [dbo].[Avatar] ([UserId], [Image]) VALUES (2, 0x9BED7344390707D1F206D11583734071CF45D6E71C9C179B3D7197DF73408386AC258F6C133D61D99C500CF15C9ECE6B849AF4EC75D486FED6D807C870285DB2834A695DE3D45D91E3FD4ACC8F253E9FA22B5AD84B9611D79F90963A36996874F25A6D12347088B03C63097889BA6FB09A672544CD8567ED3891BE533E225B4A94D6DA35B72C6A32A3A99CE88D984EE421E5A0CF7324A66DF280D9A3B234721907BEE3B2E039F86DFCF3A124E87F5FA042D93158828CD770306D423752C67F6E3782E0CEB49C04E7EC32D28083828473203961D80319977BE7738172F7C11B367332EC669E90EBA6D44A6C4FB956ECAEE8CE161965A76B1DEB64E7411A91F02A179C0D50951ED58F4EBB03B8AD48C29086D28A28AA01D0CBC6CF7B39A9AA8B435941371D499C19CAF986CAAAA3B26FA2A257BA4707C78015CB4189C6A29BE6A42FC05F6C10A446EAB9BF2F24362528145FD89651EF433B91C12151081253275D9F267AE2530392FE11CF8E47985BDEA5187567CA0495B4EC85CDABEE523DD76697D18410AB45C05B46984020B5F3F86542ACF09DEC5D590A728E5D8658A3ABD3F728B0C7D6CEFAD3B40B846B55933691D445ACA64D3A7A3A787A9D1CE73A02A2ED6C288D43318E73B11DE9E0D9EDB4DE58CCB113F70586BDAD754F5C31DEEB7908E17EE86BA94EA2B638F4305099608BC5BEC31B89EFABE7E66ADFCDE13242D3316FD8F76ECB73AE7E0E5CBF10556D1415C496721ACFF01836960200CA80C184F521FEE0C1691CF94B159D7A93ECD790FDCAB81D9BD0B8627FBFC1D7C973E3FD4DD7C9EE568C53ACA79D260531768549BF7102FFC7A3E925699C6101A74530D831A02CBB22E93971770C75FEA9B330093977185770E435AAEEA485BA2B5104626C4ED39149C927D6379187BB2DEA7BB56B57C82F2CD8684D6A82CC7E637F45260713915AE09FBF7050411FDE5C7A7C0328CF4FD389D53593E68627C7FDA872B84B60B31A5920D5CC9857DFEAB889F0F005C956942F729D32DDFD745978F772A7CF6793FBC662AA07F9833B31F54ADB5D9636C23452DE88D9C3813C5BAC7C53A0E5371B51F6F42AA31E4E9AAC366C3C922217C341353E55F1DEB93844254F5B7D2F9B4CBE2F8966A10C1F150443DBA25644AA3894B8126AA6E22A733CBBE57DCEF21D7D9B207E6399B02135162950AD0216E2FF7B17C6C51C30A5DC05162AE626A14711265D0735C6469EE496DD547D917C7025D8E502B72C58616A7AA25E83863B0E74E23F87A40FAD393478E12E3FDC284A890000000000000000000000000000000000000000000000000000000000000000000000000000000000000000000000000000000000000000000000000000000000000000000000000000000000000000000000000000000000000000000000000000000000000000000000000000000000000000000000000000000000000000000000000000000000000000000000000000000000000000000000000000000000000000000000000000000000000000000000000000000000000000000000000000000000000000000000000000000000000000000000000000000000000000000000000000000000000000000000000000000000000000000000000000000000000000000000000000000000000000000000000000000000000000000000000000000000000000000000000000000000000000000000000000000000000000000000000000000000000000000000000000000000000000000000000000000000000000000000000000000000000000000000000000000000000000000000000000000000000000000000000000000000000000000000000000000000000000000000000000000000000000000000000000000000000000000000000000000000000000000000000000000000000000000000000000000000000000000000000000000000000000000000000000000000000000000000000000000000000000000000000000000000000000000000000000000000000000000000000000000000000000000000000000000000000000000000000000000000000000000000000000000000000000000000000000000000000000000000000000000000000000000000000000000000000000000000000000000000000000000000000000000000000000000000000000000000000000000000000000000000000000000000000000000000000000000000000000000000000000000000000000000000000000000000000000000000000000000000000000000000000000000000000000000000000000000000000000000000000000000000000000000000000000000000000000000000000000000000000000000000000000000000000000000000000000000000000000000000000000000000000000000000000000000000000000000000000000000000000000000000000000000000000000000000000000000000000000000000000000000000000000000000000000000000000000000000000000000000000000000000000000000000000000000000000000000000000000000000000000000000000000000000000000000000000000000000000000000000000000000000000000000000000000000000000000000000000000000000000000000000000000000000000000000000000000000000000000000000000000000000000000000000000000000000000000000000000000000000000000000000000000000000000000000000000000000000000000000000000000000000000000000000000000000000000000000000000000000000000000000000000000000000000000000000000000000000000000000000000000000000000000000000000000000000000000000000000000000000000000000000000000000000000000000000000000000000000000000000000000000000000000000000000000000000000000000000000000000000000000000000000000000000000000000000000000000000000000000000000000000000000000000000000000000000000000000000000000000000000000000000000000000000000000000000000000000000000000000000000000000000000000000000000000000000000000000000000000000000000000000000000000000000000000000000000000000000000000000000000000000000000000000000000000000000000000000000000000000000000000000000000000000000000000000000000000000000000000000000000000000000000000000000000000000000000000000000000000000000000000000000000000000000000000000000000000000000000000000000000000000000000000000000000000000000000000000000000000000000000000000000000000000000000000000000000000000000000000000000000000000000000000000000000000000000000000000000000000000000000000000000000000000000000000000000000000000000000000000000000000000000000000000000000000000000000000000000000000000000000000000000000000000000000000000000000000000000000000000000000000000000000000000000000000000000000000000000000000000000000000000000000000000000000000000000000000000000000000000000000000000000000000000000000000000000000000000000000000000000000000000000000000000000000000000000000000000000000000000000000000000000000000000000000000000000000000000000000000000000000000000000000000000000000000000000000000000000000000000000000000000000000000000000000000000000000000000000000000000000000000000000000000000000000000000000000000000000000000000000000000000000000000000000000000000000000000000000000000000000000000000000000000000000000000000000000000000000000000000000000000000000000000000000000000000000000000000000000000000000000000000000000000000000000000000000000000000000000000000000000000000000000000000000000000000000000000000000000000000000000000000000000000000000000000000000000000000000000000000000000000000000000000000000000000000000000000000000000000000000000000000000000000000000000000000000000000000000000000000000000000000000000000000000000000000000000000000000000000000000000000000000000000000000000000000000000000000000000000000000000000000000000000000000000000000000000000000000000000000000000000000000000000000000000000000000000000000000000000000000000000000000000000000000000000000000000000000000000000000000000000000000000000000000000000000000000000000000000000000000000000000000000000000000000000000000000000000000000000000000000000000000000000000000000000000000000000000000000000000000000000000000000000000000000000000000000000000000000000000000000000000000000000000000000000000000000000000000000000000000000000000000000000000000000000000000000000000000000000000000000000000000000000000000000000000000000000000000000000000000000000000000000000000000000000000000000000000000000000000000000000000000000000000000000000000000000000000000000000000000000000000000000000000000000000000000000000000000000000000000000000000000000000000000000000000000000000000000000000000000000000000000000000000000000000000000000000000000000000000000000000000000000000000000000000000000000000000000000000000000000000000000000000000000000000000000000000000000000000000000000000000000000000000000000000000000000000000000000000000000000000000000000000000000000000000000000000000000000000000000000000000000000000000000000000000000000000000000000000000000000000000000000000000000000000000000000000000000000000000000000000000000000000000000000000000000000000000000000000000000000000000000000000000000000000000000000000000000000000000000000000000000000000000000000000000000000000000000000000000000000000000000000000000000000000000000000000000000000000000000000000000000000000000000000000000000000000000000000000000000000000000000000000000000000000000000000000000000000000000000000000000000000000000000000000000000000000000000000000000000000000000000000000000000000000000000000000000000000000000000000000000000000000000000000000000000000000000000000000000000000000000000000000000000000000000000000000000000000000000000000000000000000000000000000000000000000000000000000000000000000000000000000000000000000000000000000000000000000000000000000000000000000000000000000000000000000000000000000000000000000000000000000000000000000000000000000000000000000000000000000000000000000000000000000000000000000000000000000000000000000000000000000000000000000000000000000000000000000000000000000000000000000000000000000000000000000000000000000000000000000000000000000000000000000000000000000000000000000000000000000000000000000000000000000000000000000000000000000000000000000000000000000000000000000000000000000000000000000000000000000000000000000000000000000000000000000000000000000000000000000000000000000000000000000000000000000000000000000000000000000000000000000000000000000000000000000000000000000000000000000000000000000000000000000000000000000000000000000000000000000000000000000000000000000000000000000000000000000000000000000000000000000000000000000000000000000000000000000000000000000000000000000000000000000000000000000000000000000000000000000000000000000000000000000000000000000000000000000000000000000000000000000000000000000000000000000000000000000000000000000000000000000000000000000000000000000000000000000000000000000000000000000000000000000000000000000000000000000000000000000000000000000000000000000000000000000000000000000000000000000000000000000000000000000000000000000000000000000000000000000000000000000000000000000000000000000000000000000000000000000000000000000000000000000000000000000000000000000000000000000000000000000000000000000000000000000000000000000000000000000000000000000000000000000000000000000000000000000000000000000000000000000000000000000000000000000000000000000000000000000000000000000000000000000000000000000000000000000000000000000000000000000000000000000000000000000000000000000000000000000000000000000000000000000000000000000000000000000000000000000000000000)
INSERT [dbo].[Avatar] ([UserId], [Image]) VALUES (3, 0x5DDE7AAB46C162C477D15C1B1C25110E44D42BE1C9A1AF4A70F9C35E37E072EDA7A3C9BDCB232EC54ECD8FA40D613EDFF9751D589BBBC0BB2F303B4DFE048D965E6F74785C534221A56693FB120A3C0EBAE364C2C31951ECE20D8D9BE7E1C74A40F8459DEDC683A532FBB33527C5A924F32C921A9FCBD3441D87954FC5A739C49E49BB19C59E21F460BF8FC7661CC41D6369A7BA4EACAB74250080653033E08BC1EE96DE0A8F5F550B9DBADF3C0BDD01C278EB5CFF7F76F29E46F4C41EBCC42CDF03067885E613D40952AFB0F2CB3819237EA2B848838B4278A440C39B9B364ED98D003805657BDC641752ADCFC5FFD20EDAA19F1A0CE45B77C3FFE1A64F386D1B61D765CAFF14BD02C6533031DE73B2A56DB5C0FA9734CDA8A5C041659A3515DEE4916EED9A070EC6E39C54B8B32A99504D3B39997873842C0ABC253ED25767903E514C4D05C50B65A7F916FAE014F47B27F1185FFB7B66710C41E3DDE2CFF48C35C37961DD4B4B8730D3F27E5C8A4CF5C7AA16E03E0895C2EBDA40C3E12D83D7058AC41C9A929DDCA6902E2789E71482F4ED1538B8144D2C2EB776020B87A602501A79D2C52F5A350C3A39AEDA6D3903C6BECEF3184A1EF13D98EEE31C9AD11FEA2BD76F6E42BCC593E02B7EDA9E52C07D723C4CB8B2EA05FB88942D40771872691AC3AE96CA9584010960381FA0169E452E66A95E84663741D173E5AD8F841BC7B914BFDBA42AB3DDB84BAE52B2E65A71F5E712106F13E5B38B6DC456AFD672854470668C56C3A103B3CCA539B8E58EEA1874B7A7710A58A52E0C4F37655C2DE1D8290D4280CE1B32460E5DA26EACFBA6DED93E3B1ECA133917C05D4A746A9E579EC3608ED84C6A4A58856062ADB5378210A9588B1EF2C30D15D32ABF71D0BEDC700604AA4C6CCE916FF3E2986AB08C6189DA39CB111238AB0052790422ABD987C784F2A6B18D36A3DAC71C2A102AA36447C8369697F2CB5ECD58A9F9F3CA6FC31A5AD1E5BEE5B0FCA496F04AF60E9BD5AE14BC5A7543F0D4B993D858E33CAF10585810B558BEA6611739F100028168BFBDD44BDF0D144ED66AFD2C2A0C571968E6DFF19DFDE57CF06E5A423B51F0D1382B199B0FF1D003430A394B5B917B54C0208919238FCAC1D7575A71B2D21284792BF4FEF3BC0A7616DCAE93C49A215FF206821BC8D6AEA86157C4B8965F5071F7B4D1309C7C610316120346E037FD3C35FB7EAC4FF7BCA37C4B9D9BF851E0B78B3D9C0FC8F1C276A47E04B5D267C82A5A87829AE0A421FFF82DB351DEC50BC4324BBB00000000000000000000000000000000000000000000000000000000000000000000000000000000000000000000000000000000000000000000000000000000000000000000000000000000000000000000000000000000000000000000000000000000000000000000000000000000000000000000000000000000000000000000000000000000000000000000000000000000000000000000000000000000000000000000000000000000000000000000000000000000000000000000000000000000000000000000000000000000000000000000000000000000000000000000000000000000000000000000000000000000000000000000000000000000000000000000000000000000000000000000000000000000000000000000000000000000000000000000000000000000000000000000000000000000000000000000000000000000000000000000000000000000000000000000000000000000000000000000000000000000000000000000000000000000000000000000000000000000000000000000000000000000000000000000000000000000000000000000000000000000000000000000000000000000000000000000000000000000000000000000000000000000000000000000000000000000000000000000000000000000000000000000000000000000000000000000000000000000000000000000000000000000000000000000000000000000000000000000000000000000000000000000000000000000000000000000000000000000000000000000000000000000000000000000000000000000000000000000000000000000000000000000000000000000000000000000000000000000000000000000000000000000000000000000000000000000000000000000000000000000000000000000000000000000000000000000000000000000000000000000000000000000000000000000000000000000000000000000000000000000000000000000000000000000000000000000000000000000000000000000000000000000000000000000000000000000000000000000000000000000000000000000000000000000000000000000000000000000000000000000000000000000000000000000000000000000000000000000000000000000000000000000000000000000000000000000000000000000000000000000000000000000000000000000000000000000000000000000000000000000000000000000000000000000000000000000000000000000000000000000000000000000000000000000000000000000000000000000000000000000000000000000000000000000000000000000000000000000000000000000000000000000000000000000000000000000000000000000000000000000000000000000000000000000000000000000000000000000000000000000000000000000000000000000000000000000000000000000000000000000000000000000000000000000000000000000000000000000000000000000000000000000000000000000000000000000000000000000000000000000000000000000000000000000000000000000000000000000000000000000000000000000000000000000000000000000000000000000000000000000000000000000000000000000000000000000000000000000000000000000000000000000000000000000000000000000000000000000000000000000000000000000000000000000000000000000000000000000000000000000000000000000000000000000000000000000000000000000000000000000000000000000000000000000000000000000000000000000000000000000000000000000000000000000000000000000000000000000000000000000000000000000000000000000000000000000000000000000000000000000000000000000000000000000000000000000000000000000000000000000000000000000000000000000000000000000000000000000000000000000000000000000000000000000000000000000000000000000000000000000000000000000000000000000000000000000000000000000000000000000000000000000000000000000000000000000000000000000000000000000000000000000000000000000000000000000000000000000000000000000000000000000000000000000000000000000000000000000000000000000000000000000000000000000000000000000000000000000000000000000000000000000000000000000000000000000000000000000000000000000000000000000000000000000000000000000000000000000000000000000000000000000000000000000000000000000000000000000000000000000000000000000000000000000000000000000000000000000000000000000000000000000000000000000000000000000000000000000000000000000000000000000000000000000000000000000000000000000000000000000000000000000000000000000000000000000000000000000000000000000000000000000000000000000000000000000000000000000000000000000000000000000000000000000000000000000000000000000000000000000000000000000000000000000000000000000000000000000000000000000000000000000000000000000000000000000000000000000000000000000000000000000000000000000000000000000000000000000000000000000000000000000000000000000000000000000000000000000000000000000000000000000000000000000000000000000000000000000000000000000000000000000000000000000000000000000000000000000000000000000000000000000000000000000000000000000000000000000000000000000000000000000000000000000000000000000000000000000000000000000000000000000000000000000000000000000000000000000000000000000000000000000000000000000000000000000000000000000000000000000000000000000000000000000000000000000000000000000000000000000000000000000000000000000000000000000000000000000000000000000000000000000000000000000000000000000000000000000000000000000000000000000000000000000000000000000000000000000000000000000000000000000000000000000000000000000000000000000000000000000000000000000000000000000000000000000000000000000000000000000000000000000000000000000000000000000000000000000000000000000000000000000000000000000000000000000000000000000000000000000000000000000000000000000000000000000000000000000000000000000000000000000000000000000000000000000000000000000000000000000000000000000000000000000000000000000000000000000000000000000000000000000000000000000000000000000000000000000000000000000000000000000000000000000000000000000000000000000000000000000000000000000000000000000000000000000000000000000000000000000000000000000000000000000000000000000000000000000000000000000000000000000000000000000000000000000000000000000000000000000000000000000000000000000000000000000000000000000000000000000000000000000000000000000000000000000000000000000000000000000000000000000000000000000000000000000000000000000000000000000000000000000000000000000000000000000000000000000000000000000000000000000000000000000000000000000000000000000000000000000000000000000000000000000000000000000000000000000000000000000000000000000000000000000000000000000000000000000000000000000000000000000000000000000000000000000000000000000000000000000000000000000000000000000000000000000000000000000000000000000000000000000000000000000000000000000000000000000000000000000000000000000000000000000000000000000000000000000000000000000000000000000000000000000000000000000000000000000000000000000000000000000000000000000000000000000000000000000000000000000000000000000000000000000000000000000000000000000000000000000000000000000000000000000000000000000000000000000000000000000000000000000000000000000000000000000000000000000000000000000000000000000000000000000000000000000000000000000000000000000000000000000000000000000000000000000000000000000000000000000000000000000000000000000000000000000000000000000000000000000000000000000000000000000000000000000000000000000000000000000000000000000000000000000000000000000000000000000000000000000000000000000000000000000000000000000000000000000000000000000000000000000000000000000000000000000000000000000000000000000000000000000000000000000000000000000000000000000000000000000000000000000000000000000000000000000000000000000000000000000000000000000000000000000000000000000000000000000000000000000000000000000000000000000000000000000000000000000000000000000000000000000000000000000000000000000000000000000000000000000000000000000000000000000000000000000000000000000000000000000000000000000000000000000000000000000000000000000000000000000000000000000000000000000000000000000000000000000000000000000000000000000000000000000000000000000000000000000000000000000000000000000000000000000000000000000000000000000000000000000000000000000000000000000000000000000000000000000000000000000000000000000000000000000000000000000000000000000000000000000000000000000000000000000000000000000000000000000000000000000000000000000000000000000000000000000000000000000000000000000000000000000000000000000000000000000000000000000000000000000000000000000000000000000000000000000000000000000000000000000000000000000000000000000000000000000000000000000000000000000000000000000000000000000000000000000000000000000000000000000000000000000000000000000000000000000000000000000000000000000000000000000000000000000000000000000000000000000000000000000000000000000000000000000000000000000000000000000000000000000000000000000000000000000000000000000000000000000000000000000000000000000000000000000000000000000000000000000000000000000)
INSERT [dbo].[Avatar] ([UserId], [Image]) VALUES (4, 0x291D37DD9579A792C2E385E9C60DC3FEC3484D2451A86E38A9863F15EC02BCD4168D700D57ED0D723BB5A647470C78B8B216B31B8A2B2280AFFF330E3A91A6C027B0D2399CB6A6D63ADBE89C0227F19C0E8663D54FA049EA6AEF5E58B9FE37AA0FE51F96393F1BFB70DDE0AF43867E870E9600B32ED0708767E7CEAC584E1C3BA33E8C1C085A63CE6B676572BF99A7E371D64A22FE847B3E75982E51706EA322C0A50C05F9627FB3333148C66AFEC700000000000000000000000000000000000000000000000000000000000000000000000000000000000000000000000000000000000000000000000000000000000000000000000000000000000000000000000000000000000000000000000000000000000000000000000000000000000000000000000000000000000000000000000000000000000000000000000000000000000000000000000000000000000000000000000000000000000000000000000000000000000000000000000000000000000000000000000000000000000000000000000000000000000000000000000000000000000000000000000000000000000000000000000000000000000000000000000000000000000000000000000000000000000000000000000000000000000000000000000000000000000000000000000000000000000000000000000000000000000000000000000000000000000000000000000000000000000000000000000000000000000000000000000000000000000000000000000000000000000000000000000000000000000000000000000000000000000000000000000000000000000000000000000000000000000000000000000000000000000000000000000000000000000000000000000000000000000000000000000000000000000000000000000000000000000000000000000000000000000000000000000000000000000000000000000000000000000000000000000000000000000000000000000000000000000000000000000000000000000000000000000000000000000000000000000000000000000000000000000000000000000000000000000000000000000000000000000000000000000000000000000000000000000000000000000000000000000000000000000000000000000000000000000000000000000000000000000000000000000000000000000000000000000000000000000000000000000000000000000000000000000000000000000000000000000000000000000000000000000000000000000000000000000000000000000000000000000000000000000000000000000000000000000000000000000000000000000000000000000000000000000000000000000000000000000000000000000000000000000000000000000000000000000000000000000000000000000000000000000000000000000000000000000000000000000000000000000000000000000000000000000000000000000000000000000000000000000000000000000000000000000000000000000000000000000000000000000000000000000000000000000000000000000000000000000000000000000000000000000000000000000000000000000000000000000000000000000000000000000000000000000000000000000000000000000000000000000000000000000000000000000000000000000000000000000000000000000000000000000000000000000000000000000000000000000000000000000000000000000000000000000000000000000000000000000000000000000000000000000000000000000000000000000000000000000000000000000000000000000000000000000000000000000000000000000000000000000000000000000000000000000000000000000000000000000000000000000000000000000000000000000000000000000000000000000000000000000000000000000000000000000000000000000000000000000000000000000000000000000000000000000000000000000000000000000000000000000000000000000000000000000000000000000000000000000000000000000000000000000000000000000000000000000000000000000000000000000000000000000000000000000000000000000000000000000000000000000000000000000000000000000000000000000000000000000000000000000000000000000000000000000000000000000000000000000000000000000000000000000000000000000000000000000000000000000000000000000000000000000000000000000000000000000000000000000000000000000000000000000000000000000000000000000000000000000000000000000000000000000000000000000000000000000000000000000000000000000000000000000000000000000000000000000000000000000000000000000000000000000000000000000000000000000000000000000000000000000000000000000000000000000000000000000000000000000000000000000000000000000000000000000000000000000000000000000000000000000000000000000000000000000000000000000000000000000000000000000000000000000000000000000000000000000000000000000000000000000000000000000000000000000000000000000000000000000000000000000000000000000000000000000000000000000000000000000000000000000000000000000000000000000000000000000000000000000000000000000000000000000000000000000000000000000000000000000000000000000000000000000000000000000000000000000000000000000000000000000000000000000000000000000000000000000000000000000000000000000000000000000000000000000000000000000000000000000000000000000000000000000000000000000000000000000000000000000000000000000000000000000000000000000000000000000000000000000000000000000000000000000000000000000000000000000000000000000000000000000000000000000000000000000000000000000000000000000000000000000000000000000000000000000000000000000000000000000000000000000000000000000000000000000000000000000000000000000000000000000000000000000000000000000000000000000000000000000000000000000000000000000000000000000000000000000000000000000000000000000000000000000000000000000000000000000000000000000000000000000000000000000000000000000000000000000000000000000000000000000000000000000000000000000000000000000000000000000000000000000000000000000000000000000000000000000000000000000000000000000000000000000000000000000000000000000000000000000000000000000000000000000000000000000000000000000000000000000000000000000000000000000000000000000000000000000000000000000000000000000000000000000000000000000000000000000000000000000000000000000000000000000000000000000000000000000000000000000000000000000000000000000000000000000000000000000000000000000000000000000000000000000000000000000000000000000000000000000000000000000000000000000000000000000000000000000000000000000000000000000000000000000000000000000000000000000000000000000000000000000000000000000000000000000000000000000000000000000000000000000000000000000000000000000000000000000000000000000000000000000000000000000000000000000000000000000000000000000000000000000000000000000000000000000000000000000000000000000000000000000000000000000000000000000000000000000000000000000000000000000000000000000000000000000000000000000000000000000000000000000000000000000000000000000000000000000000000000000000000000000000000000000000000000000000000000000000000000000000000000000000000000000000000000000000000000000000000000000000000000000000000000000000000000000000000000000000000000000000000000000000000000000000000000000000000000000000000000000000000000000000000000000000000000000000000000000000000000000000000000000000000000000000000000000000000000000000000000000000000000000000000000000000000000000000000000000000000000000000000000000000000000000000000000000000000000000000000000000000000000000000000000000000000000000000000000000000000000000000000000000000000000000000000000000000000000000000000000000000000000000000000000000000000000000000000000000000000000000000000000000000000000000000000000000000000000000000000000000000000000000000000000000000000000000000000000000000000000000000000000000000000000000000000000000000000000000000000000000000000000000000000000000000000000000000000000000000000000000000000000000000000000000000000000000000000000000000000000000000000000000000000000000000000000000000000000000000000000000000000000000000000000000000000000000000000000000000000000000000000000000000000000000000000000000000000000000000000000000000000000000000000000000000000000000000000000000000000000000000000000000000000000000000000000000000000000000000000000000000000000000000000000000000000000000000000000000000000000000000000000000000000000000000000000000000000000000000000000000000000000000000000000000000000000000000000000000000000000000000000000000000000000000000000000000000000000000000000000000000000000000000000000000000000000000000000000000000000000000000000000000000000000000000000000000000000000000000000000000000000000000000000000000000000000000000000000000000000000000000000000000000000000000000000000000000000000000000000000000000000000000000000000000000000000000000000000000000000000000000000000000000000000000000000000000000000000000000000000000000000000000000000000000000000000000000000000000000000000000000000000000000000000000000000000000000000000000000000000000000000000000000000000000000000000000000000000000000000000000000000000000000000000000000000000000000000000000000000000000000000000000000000000000000000000000000000000000000000000000000000000000000000000000000000000000000000000000000000000000000000000000000000000000000000000000000000000000000000000000000000000000000000000000000000000000000000000000000000000000000000000000000000000000000000000000000000000000000000000000000000000000000000000000000000000000000000000000000000000000000000000000000000000000000000000000000000000000000000000000000000000000000000000000000000000000000000000000000000000000000000000000000000000000000000000000000000000000000000000000000000000000000000000000000000000000000000000000000000000000000000000000000000000000000000000000000000000000000000000000000000000000000000000000000000000000000000000000000000000000000000000000000000000000000000000000000000000000000000000000000000000000000000000000000000000000000000000000000000000000000000000000000000000000000000000000000000000000000000000000000000000000000000000000000000000000000000000000000000000000000000000000000000000000000000000000000000000000000000000000000000000000000000000000000000000000000000000000000000000000000000000000000000000000000000000000000000000000000000000000000000000000000000000000000000000000000000000000000000000000000000000000000000000000000000000000000000000000000000000000000000000000000000000000000000000000000000000000000000000000000000000000000000000000000000000000000000000000000000000000000000000000000000000000000000000000000000000000000000000000000000000000000000000000000000000000000000000000000000000000000000000000000000000000000000000000000000000000000000000000000000000000000000000000000000000000000000000000000000000000000000000000000000000000000000000000000000000000000000000000000000000000000000000000000000000000000000000000000000000000000000000000000000000000000000000000000000000000000000000000000000000000000000000000000000000000000000000000000000000000000000000000000000000000000000000000000000000000000000000000000000000000000)
INSERT [dbo].[Avatar] ([UserId], [Image]) VALUES (5, 0x40EA3B8103FA3D1FC24EA76F2C115EFCC443B21A8DA2EA0E5797EECC3BB5D476D060118533211EC567ED43ABBB0F8621D34C02264CAD409E002C2A6C0B71E30D79309FCB00D9C9A225ECB3A05F3E534710CDF9EFB2AD2A231F728406F7B1BAF60935318B70BB21F9825F0160FAA03FC2D9E25C3E77F45ACC057CAB8D54C2AA7331BC96290CC8D754ABFF6C52ABCA287F33C22C14557B7E14DB6585F40F93A5BFB58D2E3D0915B5110B0792788707203B532C5A9196951EB53E814EA743E3441859AD9D1D9BEB751D0D1B094DE9068DD34449A0E33913291F6F78FE87C70DCD28C27A1EDA6A039F68B63C847A8CD0CC38F47A63F94260DE46837EAE23ECEE56FF4EE18A6EE7B36941A9382DFD8FAF929EABC6934DAAD3E5619BD856EC547C7BC8E6842CAB455E50411122500A33E1B7D4EB0F77255A08557AFB28D30F5C7DEC2DBC65160A83E7584D75523B8783DA2EBA2182004404556DDD2FB1AF1C8B41E49435234ECDCAAC5003B62AB008CDCEF721FA18EEDA7CA72866F839DBD1383CC2336DA7515F8C60EF7431FD8DDAA5640F60BA8D2272530A188EFAE7D591D17FCA7A677C9A267C979499297AA87E194EC093297A17AA1950E0638EC365A58B5EA2B232127229C9E9E423F98948D9619974AC26416757682061179B3797B831EF0DCBD7F64C06DB97CA4095F3B190070701F54FB87E4AF74B4A12B15A8D91512BF10A7B7D016B4D6DD08F7627C1746ED00F9435A2697971C3D48CAC3955810A38EE6902A6148A0596A7E2E8EED3CF89D5A3E04BF85BAFC27899B8A974BF14174F853E395872C8BC858E9FFB879082EF0403D695743511DC3EA6890D5CE091D693CA986995963163DB24C56ABCB43BE717C8A571E97EA3197361FAB1E8BA5FA4FDC967BCF8185A6DD272BA4F70A7208A6BA2F6943B20ED14267FF6349C807B21C5206CF24C7EEFFE6D379E76C453A9CC406F4645C3CA69DCDC5295782125D152F7988A4F3A2E3EECB3F72604817650D3D529F32C3A355DFAB79016F9E876DC48654C7E2BC8599212315992CCA3645B6502C2A2F831A518C23B8F97AA1845033C1ADE9F35F8250A7C97E1FAE0A291575235B0F726D3E416BF34BCEF39C1E7FAEC5656B1C5C5256DDDB8266050AA3820AA384574674EDC6935C8DF003B35D1BAAFE70E894CDF928C0F431A6EAC84C514FC9C45007C73929E7AED7BFCE62431A7E66CB0689CAED3CAA6B86524346EBCB102CA049FEFD03D3C54700F5F6395A6EA11728740D35D784DC87A5AC40D6E6A0B30CAF91B1F91B7162E73132C9F746710117B12C1E67CDDA552B7D77576792FE605032E989B8ACA7FBA711160494CAD531349B2925CA824B4ED54C968BA429FB4442D269C45CE7586B09207756A7D5B050A83612DC79C00000000000000000000000000000000000000000000000000000000000000000000000000000000000000000000000000000000000000000000000000000000000000000000000000000000000000000000000000000000000000000000000000000000000000000000000000000000000000000000000000000000000000000000000000000000000000000000000000000000000000000000000000000000000000000000000000000000000000000000000000000000000000000000000000000000000000000000000000000000000000000000000000000000000000000000000000000000000000000000000000000000000000000000000000000000000000000000000000000000000000000000000000000000000000000000000000000000000000000000000000000000000000000000000000000000000000000000000000000000000000000000000000000000000000000000000000000000000000000000000000000000000000000000000000000000000000000000000000000000000000000000000000000000000000000000000000000000000000000000000000000000000000000000000000000000000000000000000000000000000000000000000000000000000000000000000000000000000000000000000000000000000000000000000000000000000000000000000000000000000000000000000000000000000000000000000000000000000000000000000000000000000000000000000000000000000000000000000000000000000000000000000000000000000000000000000000000000000000000000000000000000000000000000000000000000000000000000000000000000000000000000000000000000000000000000000000000000000000000000000000000000000000000000000000000000000000000000000000000000000000000000000000000000000000000000000000000000000000000000000000000000000000000000000000000000000000000000000000000000000000000000000000000000000000000000000000000000000000000000000000000000000000000000000000000000000000000000000000000000000000000000000000000000000000000000000000000000000000000000000000000000000000000000000000000000000000000000000000000000000000000000000000000000000000000000000000000000000000000000000000000000000000000000000000000000000000000000000000000000000000000000000000000000000000000000000000000000000000000000000000000000000000000000000000000000000000000000000000000000000000000000000000000000000000000000000000000000000000000000000000000000000000000000000000000000000000000000000000000000000000000000000000000000000000000000000000000000000000000000000000000000000000000000000000000000000000000000000000000000000000000000000000000000000000000000000000000000000000000000000000000000000000000000000000000000000000000000000000000000000000000000000000000000000000000000000000000000000000000000000000000000000000000000000000000000000000000000000000000000000000000000000000000000000000000000000000000000000000000000000000000000000000000000000000000000000000000000000000000000000000000000000000000000000000000000000000000000000000000000000000000000000000000000000000000000000000000000000000000000000000000000000000000000000000000000000000000000000000000000000000000000000000000000000000000000000000000000000000000000000000000000000000000000000000000000000000000000000000000000000000000000000000000000000000000000000000000000000000000000000000000000000000000000000000000000000000000000000000000000000000000000000000000000000000000000000000000000000000000000000000000000000000000000000000000000000000000000000000000000000000000000000000000000000000000000000000000000000000000000000000000000000000000000000000000000000000000000000000000000000000000000000000000000000000000000000000000000000000000000000000000000000000000000000000000000000000000000000000000000000000000000000000000000000000000000000000000000000000000000000000000000000000000000000000000000000000000000000000000000000000000000000000000000000000000000000000000000000000000000000000000000000000000000000000000000000000000000000000000000000000000000000000000000000000000000000000000000000000000000000000000000000000000000000000000000000000000000000000000000000000000000000000000000000000000000000000000000000000000000000000000000000000000000000000000000000000000000000000000000000000000000000000000000000000000000000000000000000000000000000000000000000000000000000000000000000000000000000000000000000000000000000000000000000000000000000000000000000000000000000000000000000000000000000000000000000000000000000000000000000000000000000000000000000000000000000000000000000000000000000000000000000000000000000000000000000000000000000000000000000000000000000000000000000000000000000000000000000000000000000000000000000000000000000000000000000000000000000000000000000000000000000000000000000000000000000000000000000000000000000000000000000000000000000000000000000000000000000000000000000000000000000000000000000000000000000000000000000000000000000000000000000000000000000000000000000000000000000000000000000000000000000000000000000000000000000000000000000000000000000000000000000000000000000000000000000000000000000000000000000000000000000000000000000000000000000000000000000000000000000000000000000000000000000000000000000000000000000000000000000000000000000000000000000000000000000000000000000000000000000000000000000000000000000000000000000000000000000000000000000000000000000000000000000000000000000000000000000000000000000000000000000000000000000000000000000000000000000000000000000000000000000000000000000000000000000000000000000000000000000000000000000000000000000000000000000000000000000000000000000000000000000000000000000000000000000000000000000000000000000000000000000000000000000000000000000000000000000000000000000000000000000000000000000000000000000000000000000000000000000000000000000000000000000000000000000000000000000000000000000000000000000000000000000000000000000000000000000000000000000000000000000000000000000000000000000000000000000000000000000000000000000000000000000000000000000000000000000000000000000000000000000000000000000000000000000000000000000000000000000000000000000000000000000000000000000000000000000000000000000000000000000000000000000000000000000000000000000000000000000000000000000000000000000000000000000000000000000000000000000000000000000000000000000000000000000000000000000000000000000000000000000000000000000000000000000000000000000000000000000000000000000000000000000000000000000000000000000000000000000000000000000000000000000000000000000000000000000000000000000000000000000000000000000000000000000000000000000000000000000000000000000000000000000000000000000000000000000000000000000000000000000000000000000000000000000000000000000000000000000000000000000000000000000000000000000000000000000000000000000000000000000000000000000000000000000000000000000000000000000000000000000000000000000000000000000000000000000000000000000000000000000000000000000000000000000000000000000000000000000000000000000000000000000000000000000000000000000000000000000000000000000000000000000000000000000000000000000000000000000000000000000000000000000000000000000000000000000000000000000000000000000000000000000000000000000000000000000000000000000000000000000000000000000000000000000000000000000000000000000000000000000000000000000000000000000000000000000000000000000000000000000000000000000000000000000000000000000000000000000000000000000000000000000000000000000000000000000000000000000000000000000000000000000000000000000000000000000000000000000000000000000000000000000000000000000000000000000000000000000000000000000000000000000000000000000000000000000000000000000000000000000000000000000000000000000000000000000000000000000000000000000000000000000000000000000000000000000000000000000000000000000000000000000000000000000000000000000000000000000000000000000000000000000000000000000000000000000000000000000000000000000000000000000000000000000000000000000000000000000000000000000000000000000000000000000000000000000000000000000000000000000000000000000000000000000000000000000000000000000000000000000000000000000000000000000000000000000000000000000000000000000000000000000000000000000000000000000000000000000000000000000000000000000000000000000000000000000000000000000000000000000000000000000000000000000000000000000000000000000000000000000000000000000000000000000000000000000000000000000000000000000000000000000000000000000000000000000000000000000000000000000000000000000000000000000000000000000000000000000000000000000000000000000000000000)
/****** Object:  Table [dbo].[Album]    Script Date: 11/09/2011 16:04:42 ******/
SET IDENTITY_INSERT [dbo].[Album] ON
INSERT [dbo].[Album] ([Id], [PhotographerId], [Name], [Description], [DateCreated]) VALUES (1, 5, N'Angie', N'novum quad Versus estum. in imaginator pars dolorum quo nomen essit. novum esset Multum non Tam fecundio, glavans vobis plorum e', CAST(0x221E0B00 AS Date))
INSERT [dbo].[Album] ([Id], [PhotographerId], [Name], [Description], [DateCreated]) VALUES (2, 5, N'Carey4', N'essit. quo Sed non eggredior. si regit, manifestum ut vobis manifestum regit, Sed Et linguens linguens e', CAST(0x6A040B00 AS Date))
INSERT [dbo].[Album] ([Id], [PhotographerId], [Name], [Description], [DateCreated]) VALUES (3, 5, N'Terence1', N'vantis. manifestum quoque glavans trepicandor quartu et transit. sed parte bono quis plurissimum Tam homo,', CAST(0xAFFA0A00 AS Date))
INSERT [dbo].[Album] ([Id], [PhotographerId], [Name], [Description], [DateCreated]) VALUES (4, 5, N'Deanna1', N'bono non esset non nomen essit. rarendum et dolorum et Quad pladior linguens quad Et pars quo, homo,', CAST(0xAC2D0B00 AS Date))
INSERT [dbo].[Album] ([Id], [PhotographerId], [Name], [Description], [DateCreated]) VALUES (5, 4, N'Hector', N'gravis quoque novum quorum manifestum si plorum essit. et dolorum Pro plorum Tam trepicandor volcans quo et', CAST(0x21FB0A00 AS Date))
SET IDENTITY_INSERT [dbo].[Album] OFF
/****** Object:  Table [dbo].[Photo]    Script Date: 11/09/2011 16:04:42 ******/
SET IDENTITY_INSERT [dbo].[Photo] ON
INSERT [dbo].[Photo] ([Id], [AlbumId], [Name], [Description], [DateCreated], [Image]) VALUES (1, 5, N'Leonardo223', N'si habitatio Pro quorum non dolorum e non Et gravum si delerium. funem. transit. quad non essit. gravis quorum', CAST(0x8C150B00 AS Date), 0x424DA6170000000000003600000028000000640000000F000000010020000000000000000000C40E0000C40E0000000000000000000078A837FF78A837FF78A837FF78A837FF78A837FF78A837FF78A837FF78A837FF78A837FF78A837FF78A837FF78A837FF78A837FF78A837FF78A837FF78A837FF78A837FF78A837FF78A837FF78A837FF78A837FF78A837FF78A837FF78A837FF78A837FF78A837FF78A837FF78A837FF78A837FF78A837FF78A837FF78A837FF78A837FF78A837FF78A837FF78A837FF78A837FF78A837FF78A837FF78A837FF78A837FF78A837FF78A837FF78A837FF78A837FF78A837FF78A837FF78A837FF78A837FF78A837FF78A837FF78A837FF78A837FF78A837FF78A837FF78A837FF78A837FF78A837FF78A837FF78A837FF78A837FF78A837FF78A837FF78A837FF78A837FF78A837FF78A837FF78A837FF78A837FF78A837FF78A837FF78A837FF78A837FF78A837FF78A837FF78A837FF78A837FF78A837FF78A837FF78A837FF78A837FF78A837FF78A837FF78A837FF78A837FF78A837FF78A837FF78A837FF78A837FF78A837FF78A837FF78A837FF78A837FF78A837FF78A837FF78A837FF78A837FF78A837FF78A837FF78A837FF78A837FF78A837FF78A837FF78A837FF78A837FF78A837FF78A837FF78A837FF78A837FF78A837FF78A837FF78A837FF78A837FF78A837FF78A837FF78A837FF78A837FF78A837FF78A837FF78A837FF78A837FF78A837FF78A837FF78A837FF78A837FF78A837FF78A837FF78A837FF78A837FF78A837FF78A837FF78A837FF78A837FF78A837FF78A837FF78A837FF78A837FF78A837FF78A837FF78A837FF78A837FF78A837FF78A837FF78A837FF78A837FF78A837FF78A837FF78A837FF78A837FF78A837FF78A837FF78A837FF78A837FF78A837FF78A837FF78A837FF78A837FF78A837FF78A837FF78A837FF78A837FF78A837FF78A837FF78A837FF78A837FF78A837FF78A837FF78A837FF78A837FF78A837FF78A837FF78A837FF78A837FF78A837FF78A837FF78A837FF78A837FF78A837FF78A837FF78A837FF78A837FF78A837FF78A837FF78A837FF78A837FF78A837FF78A837FF78A837FF78A837FF78A837FF78A837FF78A837FF78A837FF78A837FF78A837FF78A837FF78A837FF78A837FF78A837FF78A837FF78A837FF78A837FF78A837FF78A837FF78A837FF78A837FF78A837FF78A837FF78A837FF78A837FF78A837FF78A837FF78A837FF78A837FF78A837FF78A837FF78A837FF78A837FF78A837FF78A837FF78A837FF78A837FF78A837FFD6C737FFFFFFFFFFFFFFFFFFC0F1FFFF78A837FF78A837FF78A837FF78A837FF78A837FF78A837FF78A837FF78A837FF78A837FF78A837FF78A837FFAAC737FFD6E3C7FF78A887FF78A837FF78A837FF78A837FF78A837FF78A837FF78A837FF78A837FF78A837FF78A837FF78A837FF78A837FF78A837FF78A837FF78A837FF78A837FF78A837FF78A837FF78A837FF78A837FF78A837FF78A837FF78A837FF78A837FF78A837FF78A837FF78A837FF78A837FF78A837FF78A837FF78A837FF78A837FF78A837FF78A837FF78A837FF78A837FF78A837FF78A837FF78A837FF78A837FF78A837FF78A837FF78A837FF78A837FF78A837FF78A837FF78A837FF78A837FF78A837FF78A837FF78A837FF78A837FF78A837FF78A837FF78A837FF78A837FF78A837FF78A837FF78A837FF78A837FF78A837FF78A837FF78A837FF78A837FF78A837FF78A837FF78A837FF78A837FF78A837FF78A837FF78A837FF78A837FF78A837FF78A837FF78A837FF78A837FF78A837FF78A837FF78A837FF78A837FF78A837FF78A837FF78A837FF78A837FF78A837FF78A837FFFFE387FF92D6E4FF78A837FF78A837FF78A837FF78A837FF78A837FF78A837FF78A837FF78A837FF78A837FF78A837FFD6E387FFD6D6A9FF78B8A9FF78A837FFD6C737FFFFFFFFFFFFFFFFFFD6FFFFFF78A887FFAAA837FFFFFFC7FFFFFFFFFFAAE3FFFF78A837FFEBD663FFFFFFFFFFFFFFFFFFD6FFFFFF78A887FF78A837FFAAA837FFFFFFC7FFD6FFFFFF78A887FFD6C737FFFFFFFFFFFFFFFFFFC0F1FFFF78A837FF78A837FFFFE387FFFFFFFFFFD6FFFFFF78A887FF78A837FFAAA837FFC0F1C7FF78A837FF78A837FFD6C737FFFFFFFFFFFFFFFFFFC0F1FFFF78A837FFAAA837FFFFFFC7FFFFFFFFFFAAE3FFFF78A837FF78A837FF78A837FF78A837FF78A837FF78A837FF78A837FF78A837FF78A837FF78A837FF78A837FF78A837FF78A837FF78A837FF78A837FF78A837FFAAA837FFFFFFC7FFFFFFFFFFFFFFFFFFFFFFFFFFD6E3FFFFFFFFC7FFFFFFFFFF92D6E4FFFFF1A9FFC0F1FFFFEBD663FFD6FFFFFF78A887FFFFF1A9FFFFFFFFFFFFFFFFFFFFFFFFFFD6FFFFFF78A887FF78A837FFEBD663FFFFFFFFFFFFFFFFFFEBF1E4FF92D6E4FF78A837FFFFE387FFFFFFFFFFFFFFFFFFFFFFFFFFAAE3FFFF78A837FF78A837FF78A837FFEBD663FFFFFFFFFFFFFFFFFFD6FFFFFF78A887FF78A837FFAAA837FFAAE3C7FF78A837FF78A837FF78A837FF78A837FF78A837FFEBE387FF78B8A9FF78A837FFFFE387FFAAE3FFFF78A837FF78A837FFD6C737FFFFFFFFFFFFFFFFFFD6FFFFFF78A887FF78A837FF78A837FF78A837FFD6D663FF78B8A9FFAAA837FFC0F1C7FF78A837FFD6C737FF78C7C7FF78A837FF78A837FFD6D663FF78B8A9FF78A837FF78A837FF78A837FF78A837FFD6D663FF78B8A9FF78A837FF78A837FF78A837FFEBE387FF78B8A9FF78A837FF78A837FF78A837FF78A837FF78A837FF78A837FF78A837FF78A837FF78A837FF78A837FF78A837FF78A837FF78A837FF78A837FF78A837FF78A837FF78A837FFC0B837FFAAE3E4FF78A837FF78A837FFC0B837FFAAE3E4FF78A837FFD6F1A9FF78A887FFEBD663FF78C7C7FFC0B837FFAAE3E4FF78A837FF78A837FFEBE387FF78B8A9FF78A837FFD6C737FFC0F1FFFF78A837FF78A837FFFFF1A9FF92D6E4FFC0B837FFAAE3E4FF78A837FF78A837FF78A837FF78A837FF78A837FF78A837FF78A837FF78A837FFD6D663FFD6D6A9FF78C7C7FF78A837FF78A837FFAAA837FFAAE3C7FF78A837FF78A837FF78A837FFFFF1A9FFFFFFFFFFFFFFFFFF78C7C7FF78A837FF78A837FFFFE387FFAAE3FFFF78A837FF78A837FFD6F1A9FFC0B887FF92D6C7FF78A837FF78A837FFFFE387FFD6E3C7FFD6FFFFFF78A887FFC0B837FFEBF1C7FFFFFFFFFFD6FFFFFF78A887FF78A837FF78A837FFD6C737FF92D6E4FF78A837FF78A837FFFFE387FFD6E3C7FFD6FFFFFF78A887FF78A837FFFFF1A9FFFFFFFFFFFFFFFFFF78C7C7FF78A837FF78A837FF78A837FF78A837FF78A837FF78A837FF78A837FF78A837FF78A837FF78A837FF78A837FF78A837FF78A837FF78A837FF78A837FF78A837FF78A837FFC0B837FFAAE3E4FF78A837FF78A837FFC0B837FFAAE3E4FF78A837FFD6F1A9FF78A887FFEBD663FF78C7C7FF78A837FFFFE387FFFFFFFFFFFFFFFFFFEBFFFFFF78B8A9FF78A837FFEBD663FF78C7C7FF78A837FF78A837FFD6C737FF92D6E4FFEBD663FFFFFFFFFFFFFFFFFFFFFFFFFFFFFFFFFFC0F1FFFF78A837FF78A837FF78A837FFD6C737FFFFFFFFFFFFFFFFFFEBFFFFFF78B8A9FF78A837FFAAA837FFAAE3C7FF78A837FF78A837FFC0B837FF92D6C7FF78A837FFD6D663FF78B8A9FFAAC737FF78A887FF78A837FFD6E387FF78A887FF78A837FFD6C737FFD6E3E4FF92D6C7FF78A837FFAAA837FFD6E3C7FFD6FFC7FF78A887FF78A837FF78A837FFD6F1A9FF78A887FF78A837FF78A837FF78A837FF78A837FFAAA837FFAAE3C7FF78A837FFAAA837FFD6E3C7FFD6FFC7FF78A887FF78A837FFC0B837FF92D6C7FF78A837FFD6D663FF78B8A9FF78A837FF78A837FF78A837FF78A837FF78A837FF78A837FF78A837FF78A837FF78A837FF78A837FF78A837FF78A837FF78A837FF78A837FF78A837FF78A837FF78A837FFC0B837FFAAE3E4FF78A837FF78A837FFC0B837FFD6FFE4FF78A887FFFFF1A9FF78C7C7FFEBD663FF78C7C7FF78A837FFAAC737FF78A887FF78A837FFEBE387FF78B8A9FF78A837FFD6C737FFC0F1FFFF78A837FFAAA837FFFFFFC7FF92D6E4FFD6C737FFC0F1FFFF78A837FF78A837FFEBD663FF92D6E4FF78A837FF78A837FF78A837FF78A837FFD6C737FFD6E3C7FF92D6E4FF78A837FFD6C737FFFFFFFFFFAAE3FFFF78A837FF78A837FF78A837FFFFF1A9FFFFFFFFFFC0F1FFFF78A837FFC0B837FFFFFFE4FFFFFFFFFFAAE3FFFF78A837FF78A837FF78A837FFFFF1A9FF92D6E4FF78A837FFAAA837FFFFFFC7FFFFFFFFFFC0F1FFFF78A837FF78A837FFD6C737FFFFFFFFFFFFFFFFFF78C7C7FFD6C737FFFFFFFFFFFFFFFFFFD6FFFFFF78A887FFAAA837FFFFFFC7FFFFFFFFFFC0F1FFFF78A837FF78A837FFFFF1A9FFFFFFFFFFC0F1FFFF78A837FF78A837FF78A837FF78A837FF78A837FF78A837FF78A837FF78A837FF78A837FF78A837FF78A837FF78A837FF78A837FF78A837FF78A837FF78A837FF78A837FF78A837FFC0B837FFAAE3E4FF78A837FFAAA837FFFFFFC7FFFFFFFFFFFFFFFFFFC0D6E4FFFFFFC7FFD6FFFFFF78A887FF78A837FFEBD663FFFFFFFFFFFFFFFFFFC0F1FFFF78A837FF78A837FF78A837FFEBD663FFFFFFFFFFFFFFFFFFD6E3C7FFFFFFFFFF78C7C7FFEBD663FFFFFFFFFFFFFFFFFFC0F1FFFF78A837FF78A837FF78A837FF78A837FF78A837FF78A837FF78A837FF78A837FF78A837FF78A837FF78A837FF78A837FF78A837FF78A837FF78A837FF78A837FF78A837FF78A837FF78A837FF78A837FF78A837FF78A837FF78A837FF78A837FF78A837FF78A837FF78A837FF78A837FF78A837FF78A837FF78A837FF78A837FF78A837FF78A837FF78A837FF78A837FF78A837FF78A837FF78A837FF78A837FF78A837FF78A837FF78A837FF78A837FF78A837FF78A837FF78A837FF78A837FF78A837FF78A837FF78A837FF78A837FF78A837FF78A837FF78A837FF78A837FF78A837FF78A837FF78A837FF78A837FF78A837FF78A837FF78A837FF78A837FF78A837FF78A837FF78A837FF78A837FF78A837FF78A837FF78A837FFC0B837FFAAE3E4FF78A837FF78A837FF78A837FF78A837FF78A837FF78A837FF78A837FF78A837FF78A837FF78A837FF78A837FF78A837FF78A837FF78A837FF78A837FF78A837FF78A837FF78A837FF78A837FF78A837FF78A837FF78A837FF78A837FF78A837FF78A837FF78A837FF78A837FF78A837FF78A837FF78A837FF78A837FF78A837FF78A837FF78A837FF78A837FF78A837FF78A837FF78A837FF78A837FF78A837FF78A837FF78A837FF78A837FF78A837FF78A837FF78A837FF78A837FF78A837FF78A837FF78A837FF78A837FF78A837FF78A837FF78A837FF78A837FF78A837FF78A837FF78A837FF78A837FF78A837FF78A837FF78A837FF78A837FF78A837FF78A837FF78A837FF78A837FF78A837FF78A837FF78A837FF78A837FF78A837FF78A837FF78A837FF78A837FF78A837FF78A837FF78A837FF78A837FF78A837FF78A837FF78A837FF78A837FF78A837FF78A837FF78A837FF78A837FF78A837FF78A837FF78A837FF78A837FF78A837FF78A837FF78A837FF78A837FF78A837FFAAA837FFFFFFC7FFFFFFFFFFFFFFFFFFFFFFFFFFAAE3FFFF78A837FF78A837FF78A837FF78A837FF78A837FF78A837FF78A837FF78A837FF78A837FF78A837FF78A837FF78A837FF78A837FF78A837FF78A837FF78A837FF78A837FF78A837FF78A837FF78A837FF78A837FF78A837FF78A837FF78A837FF78A837FF78A837FF78A837FF78A837FF78A837FF78A837FF78A837FF78A837FF78A837FF78A837FF78A837FF78A837FF78A837FF78A837FF78A837FF78A837FF78A837FF78A837FF78A837FF78A837FF78A837FF78A837FF78A837FF78A837FF78A837FF78A837FF78A837FF78A837FF78A837FF78A837FF78A837FF78A837FF78A837FF78A837FF78A837FF78A837FF78A837FF78A837FF78A837FF78A837FF78A837FF78A837FF78A837FF78A837FF78A837FF78A837FF78A837FF78A837FF78A837FF78A837FF78A837FF78A837FF78A837FF78A837FF78A837FF78A837FF78A837FF78A837FF78A837FF78A837FF78A837FF78A837FF78A837FF78A837FF78A837FF78A837FF78A837FF78A837FF78A837FF78A837FF78A837FF78A837FF78A837FF78A837FF78A837FF78A837FF78A837FF78A837FF78A837FF78A837FF78A837FF78A837FF78A837FF78A837FF78A837FF78A837FF78A837FF78A837FF78A837FF78A837FF78A837FF78A837FF78A837FF78A837FF78A837FF78A837FF78A837FF78A837FF78A837FF78A837FF78A837FF78A837FF78A837FF78A837FF78A837FF78A837FF78A837FF78A837FF78A837FF78A837FF78A837FF78A837FF78A837FF78A837FF78A837FF78A837FF78A837FF78A837FF78A837FF78A837FF78A837FF78A837FF78A837FF78A837FF78A837FF78A837FF78A837FF78A837FF78A837FF78A837FF78A837FF78A837FF78A837FF78A837FF78A837FF78A837FF78A837FF78A837FF78A837FF78A837FF78A837FF78A837FF78A837FF78A837FF78A837FF78A837FF78A837FF78A837FF78A837FF78A837FF78A837FF78A837FF78A837FF78A837FF78A837FF78A837FF78A837FF78A837FF78A837FF78A837FF78A837FF78A837FF78A837FF78A837FF78A837FF78A837FF78A837FF78A837FF78A837FF78A837FF78A837FF78A837FF78A837FF78A837FF78A837FF78A837FF78A837FF78A837FF78A837FF78A837FF78A837FF78A837FF78A837FF78A837FF78A837FF78A837FF78A837FF78A837FF78A837FF78A837FF78A837FF78A837FF78A837FF78A837FF78A837FF78A837FF78A837FF78A837FF78A837FF78A837FF78A837FF78A837FF78A837FF78A837FF78A837FF78A837FF78A837FF78A837FF78A837FF78A837FF78A837FF78A837FF78A837FF78A837FF78A837FF78A837FF78A837FF78A837FF78A837FF78A837FF78A837FF78A837FF78A837FF78A837FF78A837FF78A837FF78A837FF78A837FF78A837FF78A837FF78A837FF78A837FF78A837FF78A837FF78A837FF78A837FF78A837FF78A837FF78A837FF78A837FF78A837FF78A837FF78A837FF78A837FF78A837FF78A837FF78A837FF78A837FF78A837FF78A837FF78A837FF78A837FF78A837FF78A837FF78A837FF78A837FF78A837FF78A837FF78A837FF78A837FF78A837FF78A837FF78A837FF78A837FF78A837FF78A837FF78A837FF78A837FF78A837FF78A837FF78A837FF78A837FF78A837FF78A837FF78A837FF78A837FF78A837FF78A837FF78A837FF78A837FF78A837FF78A837FF78A837FF78A837FF78A837FF78A837FF78A837FF78A837FF78A837FF78A837FF78A837FF78A837FF78A837FF78A837FF78A837FF78A837FF78A837FF78A837FF78A837FF78A837FF78A837FF78A837FF78A837FF78A837FF78A837FF78A837FF78A837FF78A837FF78A837FF78A837FF78A837FF78A837FF78A837FF78A837FF78A837FF78A837FF78A837FF78A837FF78A837FF78A837FF78A837FF78A837FF78A837FF78A837FF78A837FF78A837FF78A837FF78A837FF78A837FF78A837FF78A837FF78A837FF78A837FF78A837FF78A837FF78A837FF78A837FF78A837FF78A837FF78A837FF78A837FF78A837FF78A837FF78A837FF78A837FF78A837FF78A837FF78A837FF78A837FF78A837FF78A837FF78A837FF78A837FF78A837FF78A837FF78A837FF78A837FF78A837FF78A837FF78A837FF78A837FF78A837FF78A837FF78A837FF78A837FF78A837FF78A837FF78A837FF78A837FF78A837FF78A837FF78A837FF78A837FF78A837FF78A837FF78A837FF78A837FF78A837FF78A837FF78A837FF78A837FF78A837FF78A837FF78A837FF78A837FF78A837FF78A837FF78A837FF78A837FF78A837FF78A837FF78A837FF78A837FF78A837FF78A837FF78A837FF78A837FF78A837FF78A837FF78A837FF78A837FF78A837FF78A837FF78A837FF78A837FF78A837FF78A837FF78A837FF78A837FF78A837FF78A837FF78A837FF78A837FF78A837FF78A837FF78A837FF78A837FF78A837FF78A837FF78A837FF78A837FF78A837FF78A837FF78A837FF78A837FF78A837FF78A837FF78A837FF78A837FF78A837FF78A837FF78A837FF78A837FF78A837FF78A837FF78A837FF78A837FF78A837FF78A837FF78A837FF78A837FF78A837FF78A837FF78A837FF78A837FF78A837FF78A837FF78A837FF78A837FF78A837FF78A837FF78A837FF78A837FF78A837FF78A837FF78A837FF78A837FF78A837FF78A837FF78A837FF78A837FF78A837FF78A837FF78A837FF78A837FF78A837FF78A837FF78A837FF)
INSERT [dbo].[Photo] ([Id], [AlbumId], [Name], [Description], [DateCreated], [Image]) VALUES (2, 3, N'Tammi394', N'e manifestum Id quo, linguens estis quorum manifestum ut bono quad gravis egreddior Pro venit. et non', CAST(0x63220B00 AS Date), 0x424DA6170000000000003600000028000000640000000F000000010020000000000000000000C40E0000C40E00000000000000000000930700FF930700FF930700FF930700FF930700FF930700FF930700FF930700FF930700FF930700FF930700FF930700FF930700FF930700FF930700FF930700FF930700FF930700FF930700FF930700FF930700FF930700FF930700FF930700FF930700FF930700FF930700FF930700FF930700FF930700FF930700FF930700FF930700FF930700FF930700FF930700FF930700FF930700FF930700FF930700FF930700FF930700FF930700FF930700FF930700FF930700FF930700FF930700FF930700FF930700FF930700FF930700FF930700FF930700FF930700FF930700FF930700FF930700FF930700FF930700FF930700FF930700FF930700FF930700FF930700FF930700FF930700FF930700FF930700FF930700FF930700FF930700FF930700FF930700FF930700FF930700FF930700FF930700FF930700FF930700FF930700FF930700FF930700FF930700FF930700FF930700FF930700FF930700FF930700FF930700FF930700FF930700FF930700FF930700FF930700FF930700FF930700FF930700FF930700FF930700FF930700FF930700FF930700FF930700FF930700FF930700FF930700FF930700FF930700FF930700FF930700FF930700FF930700FF930700FF930700FF930700FF930700FF930700FF930700FF930700FF930700FF930700FF930700FF930700FF930700FF930700FF930700FF930700FF930700FF930700FF930700FF930700FF930700FF930700FF930700FF930700FF930700FF930700FF930700FF930700FF930700FF930700FF930700FF930700FF930700FF930700FF930700FF930700FF930700FF930700FF930700FF930700FF930700FF930700FF930700FF930700FF930700FF930700FF930700FF930700FF930700FF930700FF930700FF930700FF930700FF930700FF930700FF930700FF930700FF930700FF930700FF930700FF930700FF930700FF930700FF930700FF930700FF930700FF930700FF930700FF930700FF930700FF930700FF930700FF930700FF930700FF930700FF930700FF930700FF930700FF930700FF930700FF930700FF930700FF930700FF930700FF930700FF930700FF930700FF930700FF930700FF930700FF930700FF930700FF930700FF930700FF930700FF930700FF930700FF930700FF930700FF930700FF930700FF930700FF930700FF930700FF930700FF930700FF930700FF930700FF930700FF930700FF930700FFDD7500FFFFFFFFFFFFFFFFFFCCE0FFFF930700FF930700FF930700FF930700FF930700FF930700FF930700FF930700FF930700FF930700FF930700FFBA7500FFDDC0BFFF930774FF930700FF930700FF930700FF930700FF930700FF930700FF930700FF930700FF930700FF930700FF930700FF930700FF930700FF930700FF930700FF930700FF930700FF930700FF930700FF930700FF930700FF930700FF930700FF930700FF930700FF930700FF930700FF930700FF930700FF930700FF930700FF930700FF930700FF930700FF930700FF930700FF930700FF930700FF930700FF930700FF930700FF930700FF930700FF930700FF930700FF930700FF930700FF930700FF930700FF930700FF930700FF930700FF930700FF930700FF930700FF930700FF930700FF930700FF930700FF930700FF930700FF930700FF930700FF930700FF930700FF930700FF930700FF930700FF930700FF930700FF930700FF930700FF930700FF930700FF930700FF930700FF930700FF930700FF930700FF930700FF930700FF930700FF930700FF930700FF930700FFFFC074FFA79DE0FF930700FF930700FF930700FF930700FF930700FF930700FF930700FF930700FF930700FF930700FFDDC074FFDD9D9CFF93499CFF930700FFDD7500FFFFFFFFFFFFFFFFFFDDFFFFFF930774FFEE9D48FFFFFFFFFFFFFFFFFFDDFFFFFF930774FF930700FFBA0700FFCCE0BFFF930700FF930700FF930700FFFFE09CFFFFFFFFFFBAC0FFFF930700FF930700FFBA0700FFCCE0BFFF930700FF930700FF930700FFFFC074FFFFFFFFFFDDFFFFFF930774FF930700FFFFE09CFFFFFFFFFFBAC0FFFF930700FFBA0700FFFFFFBFFFFFFFFFFFBAC0FFFF930700FF930700FFFFC074FFFFFFFFFFDDFFFFFF930774FF930700FF930700FF930700FF930700FF930700FF930700FF930700FF930700FF930700FF930700FF930700FF930700FF930700FF930700FF930700FFBA0700FFFFFFBFFFFFFFFFFFFFFFFFFFFFFFFFFFDDC0FFFFFFFFBFFFFFFFFFFFA79DE0FFFFE09CFFCCE0FFFFEE9D48FFDDFFFFFF930774FFFFE09CFFFFFFFFFFFFFFFFFFFFFFFFFFDDFFFFFF930774FF930700FFEE9D48FFFFFFFFFFFFFFFFFFEEE0E0FFA79DE0FF930700FFFFC074FFFFFFFFFFFFFFFFFFFFFFFFFFBAC0FFFF930700FF930700FF930700FFEE9D48FFFFFFFFFFFFFFFFFFDDFFFFFF930774FF930700FFBA0700FFBAC0BFFF930700FF930700FF930700FFFFC074FFBAC0FFFF930700FF930700FF930700FF930700FFDD9D48FF93499CFF930700FFCC4900FFA79DBFFF930700FFDDC074FF930774FF930700FF930700FFDD9D48FF93499CFF930700FFBA0700FFCCE0BFFF930700FFDD7500FF9375BFFFCC4900FFA79DBFFF930700FFDDC074FF930774FF930700FF930700FF930700FFEEC074FF93499CFFBA0700FFCCE0BFFF930700FFDD7500FF9375BFFF930700FF930700FF930700FF930700FF930700FF930700FF930700FF930700FF930700FF930700FF930700FF930700FF930700FF930700FF930700FF930700FF930700FFCC4900FFBAC0E0FF930700FF930700FFCC4900FFBAC0E0FF930700FFDDE09CFF930774FFEE9D48FF9375BFFFCC4900FFBAC0E0FF930700FF930700FFEEC074FF93499CFF930700FFDD7500FFCCE0FFFF930700FF930700FFFFE09CFFA79DE0FFCC4900FFBAC0E0FF930700FF930700FF930700FF930700FF930700FF930700FF930700FF930700FFDD9D48FFDD9D9CFF9375BFFF930700FF930700FFBA0700FFBAC0BFFF930700FF930700FF930700FF930700FFFFC074FFBAC0FFFF930700FF930700FF930700FFDD7500FFA79DE0FF930700FFDD7500FF9375BFFF930700FFDDC074FF930774FF930700FF930700FFDD7500FFA79DE0FF930700FFCC4900FFEEE0BFFFFFFFFFFFDDFFFFFF930774FFDD7500FF9375BFFF930700FFDDC074FF930774FF930700FFFFE09CFFFFFFFFFFFFFFFFFF9375BFFFCC4900FFEEE0BFFFFFFFFFFFDDFFFFFF930774FF930700FF930700FF930700FF930700FF930700FF930700FF930700FF930700FF930700FF930700FF930700FF930700FF930700FF930700FF930700FF930700FF930700FFCC4900FFBAC0E0FF930700FF930700FFCC4900FFBAC0E0FF930700FFDDE09CFF930774FFEE9D48FF9375BFFF930700FFFFC074FFFFFFFFFFFFFFFFFFEEFFFFFF93499CFF930700FFEE9D48FF9375BFFF930700FF930700FFDD7500FFA79DE0FFEE9D48FFFFFFFFFFFFFFFFFFFFFFFFFFFFFFFFFFCCE0FFFF930700FF930700FF930700FFDD7500FFFFFFFFFFFFFFFFFFEEFFFFFF93499CFF930700FFBA0700FFBAC0BFFF930700FF930700FFBA7500FF930774FF930700FFDDC074FF930774FF930700FF930700FFBA0700FFBAC0BFFF930700FFCC4900FFA79DBFFF930700FFDDC074FF930774FF930700FF930700FFBA0700FFBAC0BFFF930700FF930700FFDDE09CFF930774FF930700FF930700FFCC4900FFA79DBFFF930700FFDDC074FF930774FFCC4900FFA79DBFFF930700FFDD9D48FF93499CFF930700FFDDE09CFF930774FF930700FF930700FF930700FF930700FF930700FF930700FF930700FF930700FF930700FF930700FF930700FF930700FF930700FF930700FF930700FF930700FF930700FF930700FF930700FFCC4900FFBAC0E0FF930700FF930700FFCC4900FFDDFFE0FF930774FFFFE09CFF9375BFFFEE9D48FF9375BFFF930700FFBA7500FF930774FF930700FFEEC074FF93499CFF930700FFDD7500FFCCE0FFFF930700FFBA0700FFFFFFBFFFA79DE0FFDD7500FFCCE0FFFF930700FF930700FFEE9D48FFA79DE0FF930700FF930700FF930700FF930700FFDD7500FFDDC0BFFFA79DE0FF930700FFDD7500FFFFFFFFFFBAC0FFFF930700FF930700FFCC4900FFFFFFE0FFFFFFFFFFBAC0FFFF930700FFDD7500FFFFFFFFFFFFFFFFFFDDFFFFFF930774FF930700FFFFE09CFFFFFFFFFFBAC0FFFF930700FFDD7500FFFFFFFFFFFFFFFFFFDDFFFFFF930774FF930700FFDD7500FFFFFFFFFFFFFFFFFF9375BFFF930700FFFFE09CFFFFFFFFFFBAC0FFFF930700FF930700FFFFE09CFFFFFFFFFFCCE0FFFF930700FF930700FFDD7500FFFFFFFFFFFFFFFFFF9375BFFF930700FF930700FF930700FF930700FF930700FF930700FF930700FF930700FF930700FF930700FF930700FF930700FF930700FF930700FF930700FF930700FF930700FFCC4900FFBAC0E0FF930700FFBA0700FFFFFFBFFFFFFFFFFFFFFFFFFFCC9DE0FFFFFFBFFFDDFFFFFF930774FF930700FFEE9D48FFFFFFFFFFFFFFFFFFCCE0FFFF930700FF930700FF930700FFEE9D48FFFFFFFFFFFFFFFFFFDDC0BFFFFFFFFFFF9375BFFFEE9D48FFFFFFFFFFFFFFFFFFCCE0FFFF930700FF930700FF930700FF930700FF930700FF930700FF930700FF930700FF930700FF930700FF930700FF930700FF930700FF930700FF930700FF930700FF930700FF930700FF930700FF930700FF930700FF930700FF930700FF930700FF930700FF930700FF930700FF930700FF930700FF930700FF930700FF930700FF930700FF930700FF930700FF930700FF930700FF930700FF930700FF930700FF930700FF930700FF930700FF930700FF930700FF930700FF930700FF930700FF930700FF930700FF930700FF930700FF930700FF930700FF930700FF930700FF930700FF930700FF930700FF930700FF930700FF930700FF930700FF930700FF930700FF930700FF930700FF930700FF930700FF930700FF930700FFCC4900FFBAC0E0FF930700FF930700FF930700FF930700FF930700FF930700FF930700FF930700FF930700FF930700FF930700FF930700FF930700FF930700FF930700FF930700FF930700FF930700FF930700FF930700FF930700FF930700FF930700FF930700FF930700FF930700FF930700FF930700FF930700FF930700FF930700FF930700FF930700FF930700FF930700FF930700FF930700FF930700FF930700FF930700FF930700FF930700FF930700FF930700FF930700FF930700FF930700FF930700FF930700FF930700FF930700FF930700FF930700FF930700FF930700FF930700FF930700FF930700FF930700FF930700FF930700FF930700FF930700FF930700FF930700FF930700FF930700FF930700FF930700FF930700FF930700FF930700FF930700FF930700FF930700FF930700FF930700FF930700FF930700FF930700FF930700FF930700FF930700FF930700FF930700FF930700FF930700FF930700FF930700FF930700FF930700FF930700FF930700FF930700FF930700FF930700FFBA0700FFFFFFBFFFFFFFFFFFFFFFFFFFFFFFFFFFBAC0FFFF930700FF930700FF930700FF930700FF930700FF930700FF930700FF930700FF930700FF930700FF930700FF930700FF930700FF930700FF930700FF930700FF930700FF930700FF930700FF930700FF930700FF930700FF930700FF930700FF930700FF930700FF930700FF930700FF930700FF930700FF930700FF930700FF930700FF930700FF930700FF930700FF930700FF930700FF930700FF930700FF930700FF930700FF930700FF930700FF930700FF930700FF930700FF930700FF930700FF930700FF930700FF930700FF930700FF930700FF930700FF930700FF930700FF930700FF930700FF930700FF930700FF930700FF930700FF930700FF930700FF930700FF930700FF930700FF930700FF930700FF930700FF930700FF930700FF930700FF930700FF930700FF930700FF930700FF930700FF930700FF930700FF930700FF930700FF930700FF930700FF930700FF930700FF930700FF930700FF930700FF930700FF930700FF930700FF930700FF930700FF930700FF930700FF930700FF930700FF930700FF930700FF930700FF930700FF930700FF930700FF930700FF930700FF930700FF930700FF930700FF930700FF930700FF930700FF930700FF930700FF930700FF930700FF930700FF930700FF930700FF930700FF930700FF930700FF930700FF930700FF930700FF930700FF930700FF930700FF930700FF930700FF930700FF930700FF930700FF930700FF930700FF930700FF930700FF930700FF930700FF930700FF930700FF930700FF930700FF930700FF930700FF930700FF930700FF930700FF930700FF930700FF930700FF930700FF930700FF930700FF930700FF930700FF930700FF930700FF930700FF930700FF930700FF930700FF930700FF930700FF930700FF930700FF930700FF930700FF930700FF930700FF930700FF930700FF930700FF930700FF930700FF930700FF930700FF930700FF930700FF930700FF930700FF930700FF930700FF930700FF930700FF930700FF930700FF930700FF930700FF930700FF930700FF930700FF930700FF930700FF930700FF930700FF930700FF930700FF930700FF930700FF930700FF930700FF930700FF930700FF930700FF930700FF930700FF930700FF930700FF930700FF930700FF930700FF930700FF930700FF930700FF930700FF930700FF930700FF930700FF930700FF930700FF930700FF930700FF930700FF930700FF930700FF930700FF930700FF930700FF930700FF930700FF930700FF930700FF930700FF930700FF930700FF930700FF930700FF930700FF930700FF930700FF930700FF930700FF930700FF930700FF930700FF930700FF930700FF930700FF930700FF930700FF930700FF930700FF930700FF930700FF930700FF930700FF930700FF930700FF930700FF930700FF930700FF930700FF930700FF930700FF930700FF930700FF930700FF930700FF930700FF930700FF930700FF930700FF930700FF930700FF930700FF930700FF930700FF930700FF930700FF930700FF930700FF930700FF930700FF930700FF930700FF930700FF930700FF930700FF930700FF930700FF930700FF930700FF930700FF930700FF930700FF930700FF930700FF930700FF930700FF930700FF930700FF930700FF930700FF930700FF930700FF930700FF930700FF930700FF930700FF930700FF930700FF930700FF930700FF930700FF930700FF930700FF930700FF930700FF930700FF930700FF930700FF930700FF930700FF930700FF930700FF930700FF930700FF930700FF930700FF930700FF930700FF930700FF930700FF930700FF930700FF930700FF930700FF930700FF930700FF930700FF930700FF930700FF930700FF930700FF930700FF930700FF930700FF930700FF930700FF930700FF930700FF930700FF930700FF930700FF930700FF930700FF930700FF930700FF930700FF930700FF930700FF930700FF930700FF930700FF930700FF930700FF930700FF930700FF930700FF930700FF930700FF930700FF930700FF930700FF930700FF930700FF930700FF930700FF930700FF930700FF930700FF930700FF930700FF930700FF930700FF930700FF930700FF930700FF930700FF930700FF930700FF930700FF930700FF930700FF930700FF930700FF930700FF930700FF930700FF930700FF930700FF930700FF930700FF930700FF930700FF930700FF930700FF930700FF930700FF930700FF930700FF930700FF930700FF930700FF930700FF930700FF930700FF930700FF930700FF930700FF930700FF930700FF930700FF930700FF930700FF930700FF930700FF930700FF930700FF930700FF930700FF930700FF930700FF930700FF930700FF930700FF930700FF930700FF930700FF930700FF930700FF930700FF930700FF930700FF930700FF930700FF930700FF930700FF930700FF930700FF930700FF930700FF930700FF930700FF930700FF930700FF930700FF930700FF930700FF930700FF930700FF930700FF930700FF930700FF930700FF930700FF930700FF930700FF930700FF930700FF930700FF930700FF930700FF930700FF930700FF930700FF930700FF930700FF930700FF930700FF930700FF930700FF930700FF930700FF930700FF930700FF930700FF930700FF930700FF930700FF424DA6170000000000003600000028000000640000000F000000010020000000000000000000C40E0000C40E00000000000000000000)
INSERT [dbo].[Photo] ([Id], [AlbumId], [Name], [Description], [DateCreated], [Image]) VALUES (3, 3, N'Beverly', N'et et Quad Longam, homo, linguens habitatio essit. dolorum quis nomen Versus homo, quis plorum linguens et quo plorum', CAST(0x87110B00 AS Date), 0x424DA6170000000000003600000028000000640000000F000000010020000000000000000000C40E0000C40E00000000000000000000F0CF75FFF0CF75FFF0CF75FFF0CF75FFF0CF75FFF0CF75FFF0CF75FFF0CF75FFF0CF75FFF0CF75FFF0CF75FFF0CF75FFF0CF75FFF0CF75FFF0CF75FFF0CF75FFF0CF75FFF0CF75FFF0CF75FFF0CF75FFF0CF75FFF0CF75FFF0CF75FFF0CF75FFF0CF75FFF0CF75FFF0CF75FFF0CF75FFF0CF75FFF0CF75FFF0CF75FFF0CF75FFF0CF75FFF0CF75FFF0CF75FFF0CF75FFF0CF75FFF0CF75FFF0CF75FFF0CF75FFF0CF75FFF0CF75FFF0CF75FFF0CF75FFF0CF75FFF0CF75FFF0CF75FFF0CF75FFF0CF75FFF0CF75FFF0CF75FFF0CF75FFF0CF75FFF0CF75FFF0CF75FFF0CF75FFF0CF75FFF0CF75FFF0CF75FFF0CF75FFF0CF75FFF0CF75FFF0CF75FFF0CF75FFF0CF75FFF0CF75FFF0CF75FFF0CF75FFF0CF75FFF0CF75FFF0CF75FFF0CF75FFF0CF75FFF0CF75FFF0CF75FFF0CF75FFF0CF75FFF0CF75FFF0CF75FFF0CF75FFF0CF75FFF0CF75FFF0CF75FFF0CF75FFF0CF75FFF0CF75FFF0CF75FFF0CF75FFF0CF75FFF0CF75FFF0CF75FFF0CF75FFF0CF75FFF0CF75FFF0CF75FFF0CF75FFF0CF75FFF0CF75FFF0CF75FFF0CF75FFF0CF75FFF0CF75FFF0CF75FFF0CF75FFF0CF75FFF0CF75FFF0CF75FFF0CF75FFF0CF75FFF0CF75FFF0CF75FFF0CF75FFF0CF75FFF0CF75FFF0CF75FFF0CF75FFF0CF75FFF0CF75FFF0CF75FFF0CF75FFF0CF75FFF0CF75FFF0CF75FFF0CF75FFF0CF75FFF0CF75FFF0CF75FFF0CF75FFF0CF75FFF0CF75FFF0CF75FFF0CF75FFF0CF75FFF0CF75FFF0CF75FFF0CF75FFF0CF75FFF0CF75FFF0CF75FFF0CF75FFF0CF75FFF0CF75FFF0CF75FFF0CF75FFF0CF75FFF0CF75FFF0CF75FFF0CF75FFF0CF75FFF0CF75FFF0CF75FFF0CF75FFF0CF75FFF0CF75FFF0CF75FFF0CF75FFF0CF75FFF0CF75FFF0CF75FFF0CF75FFF0CF75FFF0CF75FFF0CF75FFF0CF75FFF0CF75FFF0CF75FFF0CF75FFF0CF75FFF0CF75FFF0CF75FFF0CF75FFF0CF75FFF0CF75FFF0CF75FFF0CF75FFF0CF75FFF0CF75FFF0CF75FFF0CF75FFF0CF75FFF0CF75FFF0CF75FFF0CF75FFF0CF75FFF0CF75FFF0CF75FFF0CF75FFF0CF75FFF0CF75FFF0CF75FFF0CF75FFF0CF75FFF0CF75FFF0CF75FFF0CF75FFF0CF75FFF0CF75FFF0CF75FFF0CF75FFF0CF75FFF0CF75FFF0CF75FFF0CF75FFF0CF75FFF0CF75FFF0CF75FFF0CF75FFF0CF75FFF0CF75FFF0CF75FFF0CF75FFF0CF75FFF0CF75FFF0CF75FFF0CF75FFF0CF75FFF0CF75FFF0CF75FFF0CF75FFF0CF75FFF0CF75FFF0CF75FFF0CF75FFFADF75FFFFFFFFFFFFFFFFFFF8F7FFFFF0CF75FFF0CF75FFF0CF75FFF0CF75FFF0CF75FFF0CF75FFF0CF75FFF0CF75FFF0CF75FFF0CF75FFF0CF75FFF5DF75FFFAEFD6FFF0CFA8FFF0CF75FFF0CF75FFF0CF75FFF0CF75FFF0CF75FFF0CF75FFF0CF75FFF0CF75FFF0CF75FFF0CF75FFF0CF75FFF0CF75FFF0CF75FFF0CF75FFF0CF75FFF0CF75FFF0CF75FFF0CF75FFF0CF75FFF0CF75FFF0CF75FFF0CF75FFF0CF75FFF0CF75FFF0CF75FFF0CF75FFF0CF75FFF0CF75FFF0CF75FFF0CF75FFF0CF75FFF0CF75FFF0CF75FFF0CF75FFF0CF75FFF0CF75FFF0CF75FFF0CF75FFF0CF75FFF0CF75FFF0CF75FFF0CF75FFF0CF75FFF0CF75FFF0CF75FFF0CF75FFF0CF75FFF0CF75FFF0CF75FFF0CF75FFF0CF75FFF0CF75FFF0CF75FFF0CF75FFF0CF75FFF0CF75FFF0CF75FFF0CF75FFF0CF75FFF0CF75FFF0CF75FFF0CF75FFF0CF75FFF0CF75FFF0CF75FFF0CF75FFF0CF75FFF0CF75FFF0CF75FFF0CF75FFF0CF75FFF0CF75FFF0CF75FFF0CF75FFF0CF75FFF0CF75FFF0CF75FFF0CF75FFF0CF75FFF0CF75FFF0CF75FFF0CF75FFF0CF75FFF0CF75FFF0CF75FFFFEFA8FFF3E8EBFFF0CF75FFF0CF75FFF0CF75FFF0CF75FFF0CF75FFF0CF75FFF0CF75FFF0CF75FFF0CF75FFF0CF75FFFAEFA8FFFAE8C0FFF0D7C0FFF0CF75FFFADF75FFFFFFFFFFFFFFFFFFF8F7FFFFF0CF75FFFADF75FFFFFFFFFFFFFFFFFFFAFFFFFFF0CFA8FFF0CF75FFF5CF75FFF8F7D6FFF0CF75FFF0CF75FFF0CF75FFF5CF75FFF8F7D6FFF0CF75FFF0CF75FFF0CF75FFF5CF75FFF8F7D6FFF0CF75FFF0CF75FFFADF75FFFFFFFFFFFFFFFFFFFAFFFFFFF0CFA8FFF0CF75FFFFEFA8FFFFFFFFFFFAFFFFFFF0CFA8FFFADF75FFFFFFFFFFFFFFFFFFF8F7FFFFF0CF75FFF0CF75FFF5CF75FFF8F7D6FFF0CF75FFF0CF75FFF0CF75FFF0CF75FFF0CF75FFF0CF75FFF0CF75FFF0CF75FFF0CF75FFF0CF75FFF0CF75FFF0CF75FFF0CF75FFF0CF75FFF0CF75FFF0CF75FFF0CF75FFF5CF75FFFFFFD6FFFFFFFFFFFFFFFFFFFFFFFFFFFAEFFFFFFFFFD6FFFFFFFFFFF3E8EBFFFFF7C0FFF8F7FFFFFDE88FFFFAFFFFFFF0CFA8FFFFF7C0FFFFFFFFFFFFFFFFFFFFFFFFFFFAFFFFFFF0CFA8FFF0CF75FFFDE88FFFFFFFFFFFFFFFFFFFFDF7EBFFF3E8EBFFF0CF75FFFFEFA8FFFFFFFFFFFFFFFFFFFFFFFFFFF5EFFFFFF0CF75FFF0CF75FFF0CF75FFFDE88FFFFFFFFFFFFFFFFFFFFAFFFFFFF0CFA8FFF0CF75FFF0CF75FFF0CF75FFFAE88FFFF0D7C0FFF0CF75FFF5CF75FFF5EFD6FFF0CF75FFF0CF75FFF0CF75FFF0CF75FFFAE88FFFF0D7C0FFF0CF75FFF0CF75FFF0CF75FFFAE88FFFF0D7C0FFF0CF75FFF0CF75FFF0CF75FFFAE88FFFF0D7C0FFF0CF75FFF0CF75FFF5CF75FFF5EFD6FFF0CF75FFF0CF75FFF5CF75FFF8F7D6FFF0CF75FFFADF75FFF0DFD6FFF0CF75FFF0CF75FFF0CF75FFFAE88FFFF0D7C0FFF0CF75FFF0CF75FFFAE88FFFF0D7C0FFF0CF75FFF0CF75FFF0CF75FFF0CF75FFF0CF75FFF0CF75FFF0CF75FFF0CF75FFF0CF75FFF0CF75FFF0CF75FFF0CF75FFF0CF75FFF0CF75FFF0CF75FFF0CF75FFF0CF75FFF0CF75FFF8D775FFF5EFEBFFF0CF75FFF0CF75FFF8D775FFF5EFEBFFF0CF75FFFAF7C0FFF0CFA8FFFDE88FFFF0DFD6FFF8D775FFF5EFEBFFF0CF75FFF0CF75FFFDEFA8FFF0D7C0FFF0CF75FFFADF75FFF8F7FFFFF0CF75FFF0CF75FFFFF7C0FFF3E8EBFFF8D775FFF5EFEBFFF0CF75FFF0CF75FFF0CF75FFF0CF75FFF0CF75FFF0CF75FFF0CF75FFF0CF75FFFAE88FFFFAE8C0FFF0DFD6FFF0CF75FFF0CF75FFF8D775FFFFFFEBFFF8F7FFFFF0CF75FFF0CF75FFF5CF75FFF5EFD6FFF0CF75FFF0CF75FFF0CF75FFF0CF75FFFADF75FFF3E8EBFFF0CF75FFF0CF75FFF0CF75FFFADF75FFF3E8EBFFF0CF75FFF0CF75FFF0CF75FFFADF75FFF3E8EBFFF0CF75FFF0CF75FFF5CF75FFF5EFD6FFF0CF75FFF0CF75FFF8D775FFFDF7D6FFFFFFFFFFFAFFFFFFF0CFA8FFF0CF75FFF8D775FFFFFFEBFFF8F7FFFFF0CF75FFF0CF75FFF0CF75FFFADF75FFF3E8EBFFF0CF75FFF0CF75FFF0CF75FFF0CF75FFF0CF75FFF0CF75FFF0CF75FFF0CF75FFF0CF75FFF0CF75FFF0CF75FFF0CF75FFF0CF75FFF0CF75FFF0CF75FFF0CF75FFF0CF75FFF0CF75FFF8D775FFF5EFEBFFF0CF75FFF0CF75FFF8D775FFF5EFEBFFF0CF75FFFAF7C0FFF0CFA8FFFDE88FFFF0DFD6FFF0CF75FFFFEFA8FFFFFFFFFFFFFFFFFFFDFFFFFFF0D7C0FFF0CF75FFFDE88FFFF0DFD6FFF0CF75FFF0CF75FFFADF75FFF3E8EBFFFDE88FFFFFFFFFFFFFFFFFFFFFFFFFFFFFFFFFFFF8F7FFFFF0CF75FFF0CF75FFF0CF75FFFADF75FFFFFFFFFFFFFFFFFFFDFFFFFFF0D7C0FFF0CF75FFF0CF75FFF0CF75FFFAF7C0FFF0CFA8FFF0CF75FFF5CF75FFF5EFD6FFF0CF75FFF0CF75FFF0CF75FFF0CF75FFF5CF75FFF5EFD6FFF0CF75FFF0CF75FFF0CF75FFF5CF75FFF5EFD6FFF0CF75FFF0CF75FFF0CF75FFF5CF75FFF5EFD6FFF0CF75FFF0CF75FFF5CF75FFF5EFD6FFF0CF75FFF0CF75FFF0CF75FFFAF7C0FFF0CFA8FFF0CF75FFF0CF75FFF0CF75FFF0CF75FFF0CF75FFFAF7C0FFF0CFA8FFF0CF75FFF0CF75FFF5CF75FFF5EFD6FFF0CF75FFF0CF75FFF0CF75FFF0CF75FFF0CF75FFF0CF75FFF0CF75FFF0CF75FFF0CF75FFF0CF75FFF0CF75FFF0CF75FFF0CF75FFF0CF75FFF0CF75FFF0CF75FFF0CF75FFF0CF75FFF8D775FFF5EFEBFFF0CF75FFF0CF75FFF8D775FFFAFFEBFFF0CFA8FFFFF7C0FFF0DFD6FFFDE88FFFF0DFD6FFF0CF75FFF5DF75FFF0CFA8FFF0CF75FFFDEFA8FFF0D7C0FFF0CF75FFFADF75FFF8F7FFFFF0CF75FFF5CF75FFFFFFD6FFF3E8EBFFFADF75FFF8F7FFFFF0CF75FFF0CF75FFFDE88FFFF3E8EBFFF0CF75FFF0CF75FFF0CF75FFF0CF75FFFADF75FFFAEFD6FFF3E8EBFFF0CF75FFF8D775FFFFFFEBFFFFFFFFFFF5EFFFFFF0CF75FFFADF75FFFFFFFFFFF5EFFFFFF0CF75FFF0CF75FFFADF75FFFFFFFFFFFFFFFFFFFAFFFFFFF0CFA8FFFADF75FFFFFFFFFFFFFFFFFFFAFFFFFFF0CFA8FFFADF75FFFFFFFFFFFFFFFFFFFAFFFFFFF0CFA8FFFADF75FFFFFFFFFFF5EFFFFFF0CF75FFF0CF75FFF0CF75FFFADF75FFFFFFFFFFFFFFFFFFF0DFD6FFF8D775FFFFFFEBFFFFFFFFFFF5EFFFFFF0CF75FFFADF75FFFFFFFFFFFFFFFFFFFAFFFFFFF0CFA8FFF0CF75FFF0CF75FFF0CF75FFF0CF75FFF0CF75FFF0CF75FFF0CF75FFF0CF75FFF0CF75FFF0CF75FFF0CF75FFF0CF75FFF0CF75FFF0CF75FFF0CF75FFF0CF75FFF0CF75FFF8D775FFF5EFEBFFF0CF75FFF5CF75FFFFFFD6FFFFFFFFFFFFFFFFFFF8E8EBFFFFFFD6FFFAFFFFFFF0CFA8FFF0CF75FFFDE88FFFFFFFFFFFFFFFFFFFF8F7FFFFF0CF75FFF0CF75FFF0CF75FFFDE88FFFFFFFFFFFFFFFFFFFFAEFD6FFFFFFFFFFF0DFD6FFFDE88FFFFFFFFFFFFFFFFFFFF8F7FFFFF0CF75FFF0CF75FFF0CF75FFF0CF75FFF0CF75FFF0CF75FFF0CF75FFF0CF75FFF0CF75FFF0CF75FFF0CF75FFF0CF75FFF0CF75FFF0CF75FFF0CF75FFF0CF75FFF0CF75FFF0CF75FFF0CF75FFF0CF75FFF0CF75FFF0CF75FFF0CF75FFF0CF75FFF0CF75FFF0CF75FFF0CF75FFF0CF75FFF0CF75FFF0CF75FFF0CF75FFF0CF75FFF0CF75FFF0CF75FFF0CF75FFF0CF75FFF0CF75FFF0CF75FFF0CF75FFF0CF75FFF0CF75FFF0CF75FFF0CF75FFF0CF75FFF0CF75FFF0CF75FFF0CF75FFF0CF75FFF0CF75FFF0CF75FFF0CF75FFF0CF75FFF0CF75FFF0CF75FFF0CF75FFF0CF75FFF0CF75FFF0CF75FFF0CF75FFF0CF75FFF0CF75FFF0CF75FFF0CF75FFF0CF75FFF0CF75FFF0CF75FFF0CF75FFF0CF75FFF0CF75FFF0CF75FFF0CF75FFF8D775FFF5EFEBFFF0CF75FFF0CF75FFF0CF75FFF0CF75FFF0CF75FFF0CF75FFF0CF75FFF0CF75FFF0CF75FFF0CF75FFF0CF75FFF0CF75FFF0CF75FFF0CF75FFF0CF75FFF0CF75FFF0CF75FFF0CF75FFF0CF75FFF0CF75FFF0CF75FFF0CF75FFF0CF75FFF0CF75FFF0CF75FFF0CF75FFF0CF75FFF0CF75FFF0CF75FFF0CF75FFF0CF75FFF0CF75FFF0CF75FFF0CF75FFF0CF75FFF0CF75FFF0CF75FFF0CF75FFF0CF75FFF0CF75FFF0CF75FFF0CF75FFF0CF75FFF0CF75FFF0CF75FFF0CF75FFF0CF75FFF0CF75FFF0CF75FFF0CF75FFF0CF75FFF0CF75FFF0CF75FFF0CF75FFF0CF75FFF0CF75FFF0CF75FFF0CF75FFF0CF75FFF0CF75FFF0CF75FFF0CF75FFF0CF75FFF0CF75FFF0CF75FFF0CF75FFF0CF75FFF0CF75FFF0CF75FFF0CF75FFF0CF75FFF0CF75FFF0CF75FFF0CF75FFF0CF75FFF0CF75FFF0CF75FFF0CF75FFF0CF75FFF0CF75FFF0CF75FFF0CF75FFF0CF75FFF0CF75FFF0CF75FFF0CF75FFF0CF75FFF0CF75FFF0CF75FFF0CF75FFF0CF75FFF0CF75FFF0CF75FFF0CF75FFF0CF75FFF0CF75FFF5CF75FFFFFFD6FFFFFFFFFFFFFFFFFFFFFFFFFFF5EFFFFFF0CF75FFF0CF75FFF0CF75FFF0CF75FFF0CF75FFF0CF75FFF0CF75FFF0CF75FFF0CF75FFF0CF75FFF0CF75FFF0CF75FFF0CF75FFF0CF75FFF0CF75FFF0CF75FFF0CF75FFF0CF75FFF0CF75FFF0CF75FFF0CF75FFF0CF75FFF0CF75FFF0CF75FFF0CF75FFF0CF75FFF0CF75FFF0CF75FFF0CF75FFF0CF75FFF0CF75FFF0CF75FFF0CF75FFF0CF75FFF0CF75FFF0CF75FFF0CF75FFF0CF75FFF0CF75FFF0CF75FFF0CF75FFF0CF75FFF0CF75FFF0CF75FFF0CF75FFF0CF75FFF0CF75FFF0CF75FFF0CF75FFF0CF75FFF0CF75FFF0CF75FFF0CF75FFF0CF75FFF0CF75FFF0CF75FFF0CF75FFF0CF75FFF0CF75FFF0CF75FFF0CF75FFF0CF75FFF0CF75FFF0CF75FFF0CF75FFF0CF75FFF0CF75FFF0CF75FFF0CF75FFF0CF75FFF0CF75FFF0CF75FFF0CF75FFF0CF75FFF0CF75FFF0CF75FFF0CF75FFF0CF75FFF0CF75FFF0CF75FFF0CF75FFF0CF75FFF0CF75FFF0CF75FFF0CF75FFF0CF75FFF0CF75FFF0CF75FFF0CF75FFF0CF75FFF0CF75FFF0CF75FFF0CF75FFF0CF75FFF0CF75FFF0CF75FFF0CF75FFF0CF75FFF0CF75FFF0CF75FFF0CF75FFF0CF75FFF0CF75FFF0CF75FFF0CF75FFF0CF75FFF0CF75FFF0CF75FFF0CF75FFF0CF75FFF0CF75FFF0CF75FFF0CF75FFF0CF75FFF0CF75FFF0CF75FFF0CF75FFF0CF75FFF0CF75FFF0CF75FFF0CF75FFF0CF75FFF0CF75FFF0CF75FFF0CF75FFF0CF75FFF0CF75FFF0CF75FFF0CF75FFF0CF75FFF0CF75FFF0CF75FFF0CF75FFF0CF75FFF0CF75FFF0CF75FFF0CF75FFF0CF75FFF0CF75FFF0CF75FFF0CF75FFF0CF75FFF0CF75FFF0CF75FFF0CF75FFF0CF75FFF0CF75FFF0CF75FFF0CF75FFF0CF75FFF0CF75FFF0CF75FFF0CF75FFF0CF75FFF0CF75FFF0CF75FFF0CF75FFF0CF75FFF0CF75FFF0CF75FFF0CF75FFF0CF75FFF0CF75FFF0CF75FFF0CF75FFF0CF75FFF0CF75FFF0CF75FFF0CF75FFF0CF75FFF0CF75FFF0CF75FFF0CF75FFF0CF75FFF0CF75FFF0CF75FFF0CF75FFF0CF75FFF0CF75FFF0CF75FFF0CF75FFF0CF75FFF0CF75FFF0CF75FFF0CF75FFF0CF75FFF0CF75FFF0CF75FFF0CF75FFF0CF75FFF0CF75FFF0CF75FFF0CF75FFF0CF75FFF0CF75FFF0CF75FFF0CF75FFF0CF75FFF0CF75FFF0CF75FFF0CF75FFF0CF75FFF0CF75FFF0CF75FFF0CF75FFF0CF75FFF0CF75FFF0CF75FFF0CF75FFF0CF75FFF0CF75FFF0CF75FFF0CF75FFF0CF75FFF0CF75FFF0CF75FFF0CF75FFF0CF75FFF0CF75FFF0CF75FFF0CF75FFF0CF75FFF0CF75FFF0CF75FFF0CF75FFF0CF75FFF0CF75FFF0CF75FFF0CF75FFF0CF75FFF0CF75FFF0CF75FFF0CF75FFF0CF75FFF0CF75FFF0CF75FFF0CF75FFF0CF75FFF0CF75FFF0CF75FFF0CF75FFF0CF75FFF0CF75FFF0CF75FFF0CF75FFF0CF75FFF0CF75FFF0CF75FFF0CF75FFF0CF75FFF0CF75FFF0CF75FFF0CF75FFF0CF75FFF0CF75FFF0CF75FFF0CF75FFF0CF75FFF0CF75FFF0CF75FFF0CF75FFF0CF75FFF0CF75FFF0CF75FFF0CF75FFF0CF75FFF0CF75FFF0CF75FFF0CF75FFF0CF75FFF0CF75FFF0CF75FFF0CF75FFF0CF75FFF0CF75FFF0CF75FFF0CF75FFF0CF75FFF0CF75FFF0CF75FFF0CF75FFF0CF75FFF0CF75FFF0CF75FFF0CF75FFF0CF75FFF0CF75FFF0CF75FFF0CF75FFF0CF75FFF0CF75FFF0CF75FFF0CF75FFF0CF75FFF0CF75FFF0CF75FFF0CF75FFF0CF75FFF0CF75FFF0CF75FFF0CF75FFF0CF75FFF0CF75FFF0CF75FFF0CF75FFF0CF75FFF0CF75FFF0CF75FFF0CF75FFF0CF75FFF0CF75FFF0CF75FFF0CF75FFF0CF75FFF0CF75FFF0CF75FFF0CF75FFF0CF75FFF0CF75FFF0CF75FFF0CF75FFF0CF75FFF0CF75FFF0CF75FFF0CF75FFF0CF75FFF0CF75FFF0CF75FFF0CF75FFF0CF75FFF0CF75FFF0CF75FFF0CF75FFF0CF75FFF0CF75FFF0CF75FFF0CF75FFF0CF75FFF0CF75FFF0CF75FFF0CF75FFF0CF75FFF0CF75FFF0CF75FFF0CF75FFF0CF75FFF0CF75FFF0CF75FFF0CF75FFF0CF75FFF0CF75FFF0CF75FFF0CF75FFF0CF75FFF0CF75FFF0CF75FFF0CF75FFF0CF75FFF0CF75FFF0CF75FFF0CF75FFF0CF75FFF0CF75FFF0CF75FFF0CF75FFF0CF75FFF0CF75FFF0CF75FFF0CF75FFF0CF75FFF0CF75FFF0CF75FFF0CF75FFF0CF75FFF0CF75FFF0CF75FFF0CF75FFF0CF75FFF0CF75FFF0CF75FFF0CF75FFF0CF75FFF0CF75FFF0CF75FFF0CF75FFF0CF75FFF0CF75FFF0CF75FFF0CF75FFF0CF75FFF0CF75FFF0CF75FFF0CF75FFF0CF75FFF0CF75FFF0CF75FFF0CF75FFF0CF75FFF0CF75FFF0CF75FFF0CF75FFF0CF75FFF0CF75FFF0CF75FFF0CF75FFF0CF75FFF0CF75FFF0CF75FFF0CF75FFF0CF75FFF0CF75FFF0CF75FFF0CF75FFF0CF75FFF0CF75FFF0CF75FFF0CF75FFF0CF75FFF0CF75FFF0CF75FFF0CF75FFF0CF75FFF0CF75FFF0CF75FFF0CF75FFF0CF75FFF0CF75FFF0CF75FFF0CF75FFF0CF75FFF0CF75FFF0CF75FFF0CF75FFF0CF75FFF0CF75FFF0CF75FFF0CF75FFF0CF75FFF0CF75FFF0CF75FFF0CF75FFF0CF75FFF0CF75FFF0CF75FFF0CF75FFF0CF75FFF0CF75FFF0CF75FFF0CF75FFF0CF75FFF0CF75FFF0CF75FFF0CF75FFF0CF75FFF0CF75FFF0CF75FFF0CF75FFF0CF75FFF0CF75FFF0CF75FFF0CF75FFF0CF75FFF0CF75FFF0CF75FFF0CF75FFF0CF75FFF0CF75FFF0CF75FFF0CF75FFF0CF75FFF0CF75FFF0CF75FFF0CF75FFF0CF75FFF0CF75FFF0CF75FFF0CF75FFF0CF75FFF0CF75FFF0CF75FFF0CF75FFF0CF75FFF0CF75FFF0CF75FFF0CF75FFF0CF75FFF0CF75FFF0CF75FFF0CF75FFF0CF75FFF0CF75FFF0CF75FF424DA6170000000000003600000028000000640000000F000000010020000000000000000000C40E0000C40E00000000000000000000)
INSERT [dbo].[Photo] ([Id], [AlbumId], [Name], [Description], [DateCreated], [Image]) VALUES (4, 3, N'Ernesto43', N'quad brevens, Longam, transit. eudis manifestum pars estum. Quad pars pars novum fecit, linguens homo, trepicandor quo', CAST(0xDF150B00 AS Date), 0x424DA6170000000000003600000028000000640000000F000000010020000000000000000000C40E0000C40E00000000000000000000E7FFC2FFE7FFC2FFE7FFC2FFE7FFC2FFE7FFC2FFE7FFC2FFE7FFC2FFE7FFC2FFE7FFC2FFE7FFC2FFE7FFC2FFE7FFC2FFE7FFC2FFE7FFC2FFE7FFC2FFE7FFC2FFE7FFC2FFE7FFC2FFE7FFC2FFE7FFC2FFE7FFC2FFE7FFC2FFE7FFC2FFE7FFC2FFE7FFC2FFE7FFC2FFE7FFC2FFE7FFC2FFE7FFC2FFE7FFC2FFE7FFC2FFE7FFC2FFE7FFC2FFE7FFC2FFE7FFC2FFE7FFC2FFE7FFC2FFE7FFC2FFE7FFC2FFE7FFC2FFE7FFC2FFE7FFC2FFE7FFC2FFE7FFC2FFE7FFC2FFE7FFC2FFE7FFC2FFE7FFC2FFE7FFC2FFE7FFC2FFE7FFC2FFE7FFC2FFE7FFC2FFE7FFC2FFE7FFC2FFE7FFC2FFE7FFC2FFE7FFC2FFE7FFC2FFE7FFC2FFE7FFC2FFE7FFC2FFE7FFC2FFE7FFC2FFE7FFC2FFE7FFC2FFE7FFC2FFE7FFC2FFE7FFC2FFE7FFC2FFE7FFC2FFE7FFC2FFE7FFC2FFE7FFC2FFE7FFC2FFE7FFC2FFE7FFC2FFE7FFC2FFE7FFC2FFE7FFC2FFE7FFC2FFE7FFC2FFE7FFC2FFE7FFC2FFE7FFC2FFE7FFC2FFE7FFC2FFE7FFC2FFE7FFC2FFE7FFC2FFE7FFC2FFE7FFC2FFE7FFC2FFE7FFC2FFE7FFC2FFE7FFC2FFE7FFC2FFE7FFC2FFE7FFC2FFE7FFC2FFE7FFC2FFE7FFC2FFE7FFC2FFE7FFC2FFE7FFC2FFE7FFC2FFE7FFC2FFE7FFC2FFE7FFC2FFE7FFC2FFE7FFC2FFE7FFC2FFE7FFC2FFE7FFC2FFE7FFC2FFE7FFC2FFE7FFC2FFE7FFC2FFE7FFC2FFE7FFC2FFE7FFC2FFE7FFC2FFE7FFC2FFE7FFC2FFE7FFC2FFE7FFC2FFE7FFC2FFE7FFC2FFE7FFC2FFE7FFC2FFE7FFC2FFE7FFC2FFE7FFC2FFE7FFC2FFE7FFC2FFE7FFC2FFE7FFC2FFE7FFC2FFE7FFC2FFE7FFC2FFE7FFC2FFE7FFC2FFE7FFC2FFE7FFC2FFE7FFC2FFE7FFC2FFE7FFC2FFE7FFC2FFE7FFC2FFE7FFC2FFE7FFC2FFE7FFC2FFE7FFC2FFE7FFC2FFE7FFC2FFE7FFC2FFE7FFC2FFE7FFC2FFE7FFC2FFE7FFC2FFE7FFC2FFE7FFC2FFE7FFC2FFE7FFC2FFE7FFC2FFE7FFC2FFE7FFC2FFE7FFC2FFE7FFC2FFE7FFC2FFE7FFC2FFE7FFC2FFE7FFC2FFE7FFC2FFE7FFC2FFE7FFC2FFE7FFC2FFE7FFC2FFE7FFC2FFE7FFC2FFE7FFC2FFE7FFC2FFE7FFC2FFE7FFC2FFE7FFC2FFE7FFC2FFE7FFC2FFE7FFC2FFE7FFC2FFE7FFC2FFE7FFC2FFE7FFC2FFE7FFC2FFE7FFC2FFE7FFC2FFE7FFC2FFE7FFC2FFE7FFC2FFE7FFC2FFE7FFC2FFE7FFC2FFE7FFC2FFE7FFC2FFE7FFC2FFE7FFC2FFE7FFC2FFE7FFC2FFE7FFC2FFE7FFC2FFE7FFC2FFE7FFC2FFE7FFC2FFE7FFC2FFE7FFC2FFE7FFC2FFE7FFC2FFE7FFC2FFE7FFC2FFE7FFC2FFE7FFC2FFE7FFC2FFE7FFC2FFE7FFC2FFF7FFC2FFFFFFFFFFFFFFFFFFF3FFFFFFE7FFC2FFE7FFC2FFE7FFC2FFE7FFC2FFE7FFC2FFE7FFC2FFE7FFC2FFE7FFC2FFE7FFC2FFE7FFC2FFE7FFC2FFEFFFC2FFF7FFEBFFE7FFD7FFE7FFC2FFE7FFC2FFE7FFC2FFE7FFC2FFE7FFC2FFE7FFC2FFE7FFC2FFE7FFC2FFE7FFC2FFE7FFC2FFE7FFC2FFE7FFC2FFE7FFC2FFE7FFC2FFE7FFC2FFE7FFC2FFE7FFC2FFE7FFC2FFE7FFC2FFE7FFC2FFE7FFC2FFE7FFC2FFE7FFC2FFE7FFC2FFE7FFC2FFE7FFC2FFE7FFC2FFE7FFC2FFE7FFC2FFE7FFC2FFE7FFC2FFE7FFC2FFE7FFC2FFE7FFC2FFE7FFC2FFE7FFC2FFE7FFC2FFE7FFC2FFE7FFC2FFE7FFC2FFE7FFC2FFE7FFC2FFE7FFC2FFE7FFC2FFE7FFC2FFE7FFC2FFE7FFC2FFE7FFC2FFE7FFC2FFE7FFC2FFE7FFC2FFE7FFC2FFE7FFC2FFE7FFC2FFE7FFC2FFE7FFC2FFE7FFC2FFE7FFC2FFE7FFC2FFE7FFC2FFE7FFC2FFE7FFC2FFE7FFC2FFE7FFC2FFE7FFC2FFE7FFC2FFE7FFC2FFE7FFC2FFE7FFC2FFE7FFC2FFE7FFC2FFE7FFC2FFE7FFC2FFE7FFC2FFE7FFC2FFE7FFC2FFE7FFC2FFE7FFC2FFE7FFC2FFE7FFC2FFE7FFC2FFE7FFC2FFE7FFC2FFE7FFC2FFE7FFC2FFFFFFD7FFEBFFF6FFE7FFC2FFE7FFC2FFE7FFC2FFE7FFC2FFE7FFC2FFE7FFC2FFE7FFC2FFE7FFC2FFE7FFC2FFE7FFC2FFF7FFD7FFF7FFE2FFE7FFE2FFE7FFC2FFEFFFC2FFFFFFEBFFFFFFFFFFF3FFFFFFE7FFC2FFEFFFC2FFFFFFEBFFFFFFFFFFF3FFFFFFE7FFC2FFE7FFC2FFEFFFC2FFF3FFEBFFE7FFC2FFE7FFC2FFE7FFC2FFFFFFD7FFFFFFFFFFF7FFFFFFE7FFD7FFF7FFC2FFFFFFFFFFFFFFFFFFF7FFFFFFE7FFD7FFEFFFC2FFFFFFEBFFFFFFFFFFEFFFFFFFE7FFC2FFF7FFC2FFFFFFFFFFFFFFFFFFF3FFFFFFE7FFC2FFFBFFCDFFFFFFFFFFFFFFFFFFF7FFFFFFE7FFD7FFFBFFCDFFFFFFFFFFFFFFFFFFF7FFFFFFE7FFD7FFE7FFC2FFE7FFC2FFE7FFC2FFE7FFC2FFE7FFC2FFE7FFC2FFE7FFC2FFE7FFC2FFE7FFC2FFE7FFC2FFE7FFC2FFE7FFC2FFE7FFC2FFE7FFC2FFE7FFC2FFEFFFC2FFFFFFEBFFFFFFFFFFFFFFFFFFFFFFFFFFF7FFFFFFFFFFEBFFFFFFFFFFEBFFF6FFFFFFE2FFF3FFFFFFFBFFCDFFF7FFFFFFE7FFD7FFFFFFE2FFFFFFFFFFFFFFFFFFFFFFFFFFF7FFFFFFE7FFD7FFE7FFC2FFFBFFCDFFFFFFFFFFFFFFFFFFFBFFF6FFEBFFF6FFE7FFC2FFFFFFD7FFFFFFFFFFFFFFFFFFFFFFFFFFEFFFFFFFE7FFC2FFE7FFC2FFE7FFC2FFFBFFCDFFFFFFFFFFFFFFFFFFF7FFFFFFE7FFD7FFF7FFC2FFEBFFF6FFE7FFC2FFF7FFD7FFE7FFD7FFF7FFC2FFEBFFF6FFE7FFC2FFF7FFD7FFE7FFD7FFE7FFC2FFE7FFC2FFF7FFCDFFE7FFE2FFE7FFC2FFEFFFC2FFF3FFEBFFE7FFC2FFF7FFC2FFE7FFEBFFE7FFC2FFEFFFC2FFEFFFEBFFE7FFC2FFE7FFC2FFE7FFC2FFE7FFC2FFE7FFC2FFFBFFD7FFE7FFE2FFE7FFC2FFE7FFC2FFE7FFC2FFF7FFCDFFE7FFE2FFE7FFC2FFFFFFD7FFEFFFFFFFE7FFC2FFE7FFC2FFE7FFC2FFFFFFD7FFEFFFFFFFE7FFC2FFE7FFC2FFE7FFC2FFE7FFC2FFE7FFC2FFE7FFC2FFE7FFC2FFE7FFC2FFE7FFC2FFE7FFC2FFE7FFC2FFE7FFC2FFE7FFC2FFE7FFC2FFE7FFC2FFE7FFC2FFE7FFC2FFE7FFC2FFE7FFC2FFF3FFC2FFEFFFF6FFE7FFC2FFE7FFC2FFF3FFC2FFEFFFF6FFE7FFC2FFF7FFE2FFE7FFD7FFFBFFCDFFE7FFEBFFF3FFC2FFEFFFF6FFE7FFC2FFE7FFC2FFFBFFD7FFE7FFE2FFE7FFC2FFF7FFC2FFF3FFFFFFE7FFC2FFE7FFC2FFFFFFE2FFEBFFF6FFF3FFC2FFEFFFF6FFE7FFC2FFE7FFC2FFE7FFC2FFE7FFC2FFE7FFC2FFE7FFC2FFE7FFC2FFE7FFC2FFF7FFCDFFF7FFE2FFE7FFEBFFE7FFC2FFE7FFC2FFFFFFE2FFFFFFFFFFEFFFFFFFE7FFC2FFE7FFC2FFFFFFE2FFFFFFFFFFEFFFFFFFE7FFC2FFE7FFC2FFE7FFC2FFF7FFC2FFEBFFF6FFE7FFC2FFF3FFC2FFFBFFEBFFFFFFFFFFF7FFFFFFE7FFD7FFE7FFC2FFEFFFC2FFEFFFEBFFE7FFC2FFE7FFC2FFE7FFC2FFFFFFE2FFFFFFFFFFFFFFFFFFE7FFEBFFE7FFC2FFFFFFD7FFF7FFEBFFF7FFFFFFE7FFD7FFE7FFC2FFE7FFC2FFFFFFD7FFEFFFFFFFE7FFC2FFE7FFC2FFE7FFC2FFFFFFD7FFEFFFFFFFE7FFC2FFE7FFC2FFE7FFC2FFE7FFC2FFE7FFC2FFE7FFC2FFE7FFC2FFE7FFC2FFE7FFC2FFE7FFC2FFE7FFC2FFE7FFC2FFE7FFC2FFE7FFC2FFE7FFC2FFE7FFC2FFE7FFC2FFE7FFC2FFF3FFC2FFEFFFF6FFE7FFC2FFE7FFC2FFF3FFC2FFEFFFF6FFE7FFC2FFF7FFE2FFE7FFD7FFFBFFCDFFE7FFEBFFE7FFC2FFFFFFD7FFFFFFFFFFFFFFFFFFFBFFFFFFE7FFE2FFE7FFC2FFFBFFCDFFE7FFEBFFE7FFC2FFE7FFC2FFF7FFC2FFEBFFF6FFFBFFCDFFFFFFFFFFFFFFFFFFFFFFFFFFFFFFFFFFF3FFFFFFE7FFC2FFE7FFC2FFE7FFC2FFF7FFC2FFFFFFFFFFFFFFFFFFFBFFFFFFE7FFE2FFF3FFC2FFEBFFEBFFE7FFC2FFF7FFE2FFE7FFD7FFF3FFC2FFEBFFEBFFE7FFC2FFF7FFE2FFE7FFD7FFE7FFC2FFE7FFC2FFEFFFC2FFEFFFEBFFE7FFC2FFE7FFC2FFF7FFE2FFE7FFD7FFE7FFC2FFE7FFC2FFE7FFC2FFEFFFC2FFEFFFEBFFE7FFC2FFE7FFC2FFF3FFC2FFEBFFEBFFE7FFC2FFF7FFCDFFE7FFE2FFEFFFC2FFF7FFEBFFF7FFEBFFE7FFD7FFE7FFC2FFEFFFC2FFE7FFD7FFE7FFC2FFF7FFD7FFE7FFD7FFEFFFC2FFE7FFD7FFE7FFC2FFF7FFD7FFE7FFD7FFE7FFC2FFE7FFC2FFE7FFC2FFE7FFC2FFE7FFC2FFE7FFC2FFE7FFC2FFE7FFC2FFE7FFC2FFE7FFC2FFE7FFC2FFE7FFC2FFE7FFC2FFE7FFC2FFE7FFC2FFE7FFC2FFE7FFC2FFF3FFC2FFEFFFF6FFE7FFC2FFE7FFC2FFF3FFC2FFF7FFF6FFE7FFD7FFFFFFE2FFE7FFEBFFFBFFCDFFE7FFEBFFE7FFC2FFEFFFC2FFE7FFD7FFE7FFC2FFFBFFD7FFE7FFE2FFE7FFC2FFF7FFC2FFF3FFFFFFE7FFC2FFEFFFC2FFFFFFEBFFEBFFF6FFF7FFC2FFF3FFFFFFE7FFC2FFE7FFC2FFFBFFCDFFEBFFF6FFE7FFC2FFE7FFC2FFE7FFC2FFE7FFC2FFF7FFC2FFF7FFEBFFEBFFF6FFE7FFC2FFE7FFC2FFFFFFE2FFFFFFFFFFEFFFFFFFE7FFC2FFE7FFC2FFFFFFE2FFFFFFFFFFEFFFFFFFE7FFC2FFF7FFC2FFFFFFFFFFFFFFFFFFF7FFFFFFE7FFD7FFE7FFC2FFF7FFC2FFFFFFFFFFFFFFFFFFE7FFEBFFF7FFC2FFFFFFFFFFEFFFFFFFE7FFC2FFE7FFC2FFE7FFC2FFFFFFE2FFFFFFFFFFF3FFFFFFE7FFC2FFEFFFC2FFFFFFEBFFFFFFFFFFF3FFFFFFE7FFC2FFF3FFC2FFFFFFF6FFFFFFFFFFEFFFFFFFE7FFC2FFF3FFC2FFFFFFF6FFFFFFFFFFEFFFFFFFE7FFC2FFE7FFC2FFE7FFC2FFE7FFC2FFE7FFC2FFE7FFC2FFE7FFC2FFE7FFC2FFE7FFC2FFE7FFC2FFE7FFC2FFE7FFC2FFE7FFC2FFE7FFC2FFE7FFC2FFE7FFC2FFE7FFC2FFE7FFC2FFF3FFC2FFEFFFF6FFE7FFC2FFEFFFC2FFFFFFEBFFFFFFFFFFFFFFFFFFF3FFF6FFFFFFEBFFF7FFFFFFE7FFD7FFE7FFC2FFFBFFCDFFFFFFFFFFFFFFFFFFF3FFFFFFE7FFC2FFE7FFC2FFE7FFC2FFFBFFCDFFFFFFFFFFFFFFFFFFF7FFEBFFFFFFFFFFE7FFEBFFFBFFCDFFFFFFFFFFFFFFFFFFF3FFFFFFE7FFC2FFE7FFC2FFE7FFC2FFE7FFC2FFE7FFC2FFE7FFC2FFE7FFC2FFE7FFC2FFE7FFC2FFE7FFC2FFE7FFC2FFE7FFC2FFE7FFC2FFE7FFC2FFE7FFC2FFE7FFC2FFE7FFC2FFE7FFC2FFE7FFC2FFE7FFC2FFE7FFC2FFE7FFC2FFE7FFC2FFE7FFC2FFE7FFC2FFE7FFC2FFE7FFC2FFE7FFC2FFE7FFC2FFE7FFC2FFE7FFC2FFE7FFC2FFE7FFC2FFE7FFC2FFE7FFC2FFE7FFC2FFE7FFC2FFE7FFC2FFE7FFC2FFE7FFC2FFE7FFC2FFE7FFC2FFE7FFC2FFE7FFC2FFE7FFC2FFE7FFC2FFE7FFC2FFE7FFC2FFE7FFC2FFE7FFC2FFE7FFC2FFE7FFC2FFE7FFC2FFE7FFC2FFE7FFC2FFE7FFC2FFE7FFC2FFE7FFC2FFE7FFC2FFE7FFC2FFE7FFC2FFE7FFC2FFE7FFC2FFE7FFC2FFE7FFC2FFE7FFC2FFE7FFC2FFE7FFC2FFE7FFC2FFE7FFC2FFE7FFC2FFF3FFC2FFEFFFF6FFE7FFC2FFE7FFC2FFE7FFC2FFE7FFC2FFE7FFC2FFE7FFC2FFE7FFC2FFE7FFC2FFE7FFC2FFE7FFC2FFE7FFC2FFE7FFC2FFE7FFC2FFE7FFC2FFE7FFC2FFE7FFC2FFE7FFC2FFE7FFC2FFE7FFC2FFE7FFC2FFE7FFC2FFE7FFC2FFE7FFC2FFE7FFC2FFE7FFC2FFE7FFC2FFE7FFC2FFE7FFC2FFE7FFC2FFE7FFC2FFE7FFC2FFE7FFC2FFE7FFC2FFE7FFC2FFE7FFC2FFE7FFC2FFE7FFC2FFE7FFC2FFE7FFC2FFE7FFC2FFE7FFC2FFE7FFC2FFE7FFC2FFE7FFC2FFE7FFC2FFE7FFC2FFE7FFC2FFE7FFC2FFE7FFC2FFE7FFC2FFE7FFC2FFE7FFC2FFE7FFC2FFE7FFC2FFE7FFC2FFE7FFC2FFE7FFC2FFE7FFC2FFE7FFC2FFE7FFC2FFE7FFC2FFE7FFC2FFE7FFC2FFE7FFC2FFE7FFC2FFE7FFC2FFE7FFC2FFE7FFC2FFE7FFC2FFE7FFC2FFE7FFC2FFE7FFC2FFE7FFC2FFE7FFC2FFE7FFC2FFE7FFC2FFE7FFC2FFE7FFC2FFE7FFC2FFE7FFC2FFE7FFC2FFE7FFC2FFE7FFC2FFE7FFC2FFE7FFC2FFE7FFC2FFE7FFC2FFE7FFC2FFE7FFC2FFE7FFC2FFE7FFC2FFE7FFC2FFE7FFC2FFE7FFC2FFE7FFC2FFE7FFC2FFEFFFC2FFFFFFEBFFFFFFFFFFFFFFFFFFFFFFFFFFEFFFFFFFE7FFC2FFE7FFC2FFE7FFC2FFE7FFC2FFE7FFC2FFE7FFC2FFE7FFC2FFE7FFC2FFE7FFC2FFE7FFC2FFE7FFC2FFE7FFC2FFE7FFC2FFE7FFC2FFE7FFC2FFE7FFC2FFE7FFC2FFE7FFC2FFE7FFC2FFE7FFC2FFE7FFC2FFE7FFC2FFE7FFC2FFE7FFC2FFE7FFC2FFE7FFC2FFE7FFC2FFE7FFC2FFE7FFC2FFE7FFC2FFE7FFC2FFE7FFC2FFE7FFC2FFE7FFC2FFE7FFC2FFE7FFC2FFE7FFC2FFE7FFC2FFE7FFC2FFE7FFC2FFE7FFC2FFE7FFC2FFE7FFC2FFE7FFC2FFE7FFC2FFE7FFC2FFE7FFC2FFE7FFC2FFE7FFC2FFE7FFC2FFE7FFC2FFE7FFC2FFE7FFC2FFE7FFC2FFE7FFC2FFE7FFC2FFE7FFC2FFE7FFC2FFE7FFC2FFE7FFC2FFE7FFC2FFE7FFC2FFE7FFC2FFE7FFC2FFE7FFC2FFE7FFC2FFE7FFC2FFE7FFC2FFE7FFC2FFE7FFC2FFE7FFC2FFE7FFC2FFE7FFC2FFE7FFC2FFE7FFC2FFE7FFC2FFE7FFC2FFE7FFC2FFE7FFC2FFE7FFC2FFE7FFC2FFE7FFC2FFE7FFC2FFE7FFC2FFE7FFC2FFE7FFC2FFE7FFC2FFE7FFC2FFE7FFC2FFE7FFC2FFE7FFC2FFE7FFC2FFE7FFC2FFE7FFC2FFE7FFC2FFE7FFC2FFE7FFC2FFE7FFC2FFE7FFC2FFE7FFC2FFE7FFC2FFE7FFC2FFE7FFC2FFE7FFC2FFE7FFC2FFE7FFC2FFE7FFC2FFE7FFC2FFE7FFC2FFE7FFC2FFE7FFC2FFE7FFC2FFE7FFC2FFE7FFC2FFE7FFC2FFE7FFC2FFE7FFC2FFE7FFC2FFE7FFC2FFE7FFC2FFE7FFC2FFE7FFC2FFE7FFC2FFE7FFC2FFE7FFC2FFE7FFC2FFE7FFC2FFE7FFC2FFE7FFC2FFE7FFC2FFE7FFC2FFE7FFC2FFE7FFC2FFE7FFC2FFE7FFC2FFE7FFC2FFE7FFC2FFE7FFC2FFE7FFC2FFE7FFC2FFE7FFC2FFE7FFC2FFE7FFC2FFE7FFC2FFE7FFC2FFE7FFC2FFE7FFC2FFE7FFC2FFE7FFC2FFE7FFC2FFE7FFC2FFE7FFC2FFE7FFC2FFE7FFC2FFE7FFC2FFE7FFC2FFE7FFC2FFE7FFC2FFE7FFC2FFE7FFC2FFE7FFC2FFE7FFC2FFE7FFC2FFE7FFC2FFE7FFC2FFE7FFC2FFE7FFC2FFE7FFC2FFE7FFC2FFE7FFC2FFE7FFC2FFE7FFC2FFE7FFC2FFE7FFC2FFE7FFC2FFE7FFC2FFE7FFC2FFE7FFC2FFE7FFC2FFE7FFC2FFE7FFC2FFE7FFC2FFE7FFC2FFE7FFC2FFE7FFC2FFE7FFC2FFE7FFC2FFE7FFC2FFE7FFC2FFE7FFC2FFE7FFC2FFE7FFC2FFE7FFC2FFE7FFC2FFE7FFC2FFE7FFC2FFE7FFC2FFE7FFC2FFE7FFC2FFE7FFC2FFE7FFC2FFE7FFC2FFE7FFC2FFE7FFC2FFE7FFC2FFE7FFC2FFE7FFC2FFE7FFC2FFE7FFC2FFE7FFC2FFE7FFC2FFE7FFC2FFE7FFC2FFE7FFC2FFE7FFC2FFE7FFC2FFE7FFC2FFE7FFC2FFE7FFC2FFE7FFC2FFE7FFC2FFE7FFC2FFE7FFC2FFE7FFC2FFE7FFC2FFE7FFC2FFE7FFC2FFE7FFC2FFE7FFC2FFE7FFC2FFE7FFC2FFE7FFC2FFE7FFC2FFE7FFC2FFE7FFC2FFE7FFC2FFE7FFC2FFE7FFC2FFE7FFC2FFE7FFC2FFE7FFC2FFE7FFC2FFE7FFC2FFE7FFC2FFE7FFC2FFE7FFC2FFE7FFC2FFE7FFC2FFE7FFC2FFE7FFC2FFE7FFC2FFE7FFC2FFE7FFC2FFE7FFC2FFE7FFC2FFE7FFC2FFE7FFC2FFE7FFC2FFE7FFC2FFE7FFC2FFE7FFC2FFE7FFC2FFE7FFC2FFE7FFC2FFE7FFC2FFE7FFC2FFE7FFC2FFE7FFC2FFE7FFC2FFE7FFC2FFE7FFC2FFE7FFC2FFE7FFC2FFE7FFC2FFE7FFC2FFE7FFC2FFE7FFC2FFE7FFC2FFE7FFC2FFE7FFC2FFE7FFC2FFE7FFC2FFE7FFC2FFE7FFC2FFE7FFC2FFE7FFC2FFE7FFC2FFE7FFC2FFE7FFC2FFE7FFC2FFE7FFC2FFE7FFC2FFE7FFC2FFE7FFC2FFE7FFC2FFE7FFC2FFE7FFC2FFE7FFC2FFE7FFC2FFE7FFC2FFE7FFC2FFE7FFC2FFE7FFC2FFE7FFC2FFE7FFC2FFE7FFC2FFE7FFC2FFE7FFC2FFE7FFC2FFE7FFC2FFE7FFC2FFE7FFC2FFE7FFC2FFE7FFC2FFE7FFC2FFE7FFC2FFE7FFC2FFE7FFC2FFE7FFC2FFE7FFC2FFE7FFC2FFE7FFC2FFE7FFC2FFE7FFC2FFE7FFC2FFE7FFC2FFE7FFC2FFE7FFC2FFE7FFC2FFE7FFC2FFE7FFC2FFE7FFC2FFE7FFC2FFE7FFC2FFE7FFC2FFE7FFC2FFE7FFC2FFE7FFC2FFE7FFC2FFE7FFC2FFE7FFC2FFE7FFC2FFE7FFC2FFE7FFC2FFE7FFC2FFE7FFC2FFE7FFC2FFE7FFC2FFE7FFC2FFE7FFC2FFE7FFC2FFE7FFC2FFE7FFC2FFE7FFC2FFE7FFC2FFE7FFC2FFE7FFC2FFE7FFC2FFE7FFC2FFE7FFC2FFE7FFC2FFE7FFC2FFE7FFC2FFE7FFC2FFE7FFC2FFE7FFC2FFE7FFC2FFE7FFC2FFE7FFC2FFE7FFC2FFE7FFC2FFE7FFC2FFE7FFC2FFE7FFC2FFE7FFC2FFE7FFC2FFE7FFC2FFE7FFC2FFE7FFC2FFE7FFC2FFE7FFC2FFE7FFC2FFE7FFC2FFE7FFC2FFE7FFC2FFE7FFC2FFE7FFC2FFE7FFC2FFE7FFC2FFE7FFC2FFE7FFC2FFE7FFC2FFE7FFC2FFE7FFC2FFE7FFC2FFE7FFC2FFE7FFC2FFE7FFC2FFE7FFC2FFE7FFC2FFE7FFC2FFE7FFC2FFE7FFC2FFE7FFC2FFE7FFC2FFE7FFC2FFE7FFC2FFE7FFC2FFE7FFC2FFE7FFC2FFE7FFC2FFE7FFC2FFE7FFC2FFE7FFC2FFE7FFC2FFE7FFC2FFE7FFC2FFE7FFC2FFE7FFC2FFE7FFC2FFE7FFC2FFE7FFC2FFE7FFC2FFE7FFC2FFE7FFC2FFE7FFC2FFE7FFC2FFE7FFC2FFE7FFC2FFE7FFC2FFE7FFC2FFE7FFC2FFE7FFC2FFE7FFC2FFE7FFC2FFE7FFC2FFE7FFC2FFE7FFC2FFE7FFC2FFE7FFC2FFE7FFC2FFE7FFC2FFE7FFC2FFE7FFC2FFE7FFC2FFE7FFC2FFE7FFC2FFE7FFC2FFE7FFC2FFE7FFC2FFE7FFC2FFE7FFC2FFE7FFC2FFE7FFC2FFE7FFC2FFE7FFC2FFE7FFC2FFE7FFC2FFE7FFC2FFE7FFC2FFE7FFC2FFE7FFC2FFE7FFC2FFE7FFC2FFE7FFC2FFE7FFC2FFE7FFC2FFE7FFC2FFE7FFC2FFE7FFC2FFE7FFC2FFE7FFC2FFE7FFC2FFE7FFC2FFE7FFC2FFE7FFC2FFE7FFC2FFE7FFC2FFE7FFC2FFE7FFC2FFE7FFC2FFE7FFC2FFE7FFC2FFE7FFC2FFE7FFC2FFE7FFC2FFE7FFC2FFE7FFC2FFE7FFC2FFE7FFC2FFE7FFC2FFE7FFC2FF424DA6170000000000003600000028000000640000000F000000010020000000000000000000C40E0000C40E00000000000000000000)
INSERT [dbo].[Photo] ([Id], [AlbumId], [Name], [Description], [DateCreated], [Image]) VALUES (5, 2, N'Jeanette', N'quo estum. delerium. nomen plorum linguens plurissimum novum gravis Quad plurissimum pladior parte novum', CAST(0x52F80A00 AS Date), 0x424DA6170000000000003600000028000000640000000F000000010020000000000000000000C40E0000C40E00000000000000000000A5A01CFFA5A01CFFA5A01CFFA5A01CFFA5A01CFFA5A01CFFA5A01CFFA5A01CFFA5A01CFFA5A01CFFA5A01CFFA5A01CFFA5A01CFFA5A01CFFA5A01CFFA5A01CFFA5A01CFFA5A01CFFA5A01CFFA5A01CFFA5A01CFFA5A01CFFA5A01CFFA5A01CFFA5A01CFFA5A01CFFA5A01CFFA5A01CFFA5A01CFFA5A01CFFA5A01CFFA5A01CFFA5A01CFFA5A01CFFA5A01CFFA5A01CFFA5A01CFFA5A01CFFA5A01CFFA5A01CFFA5A01CFFA5A01CFFA5A01CFFA5A01CFFA5A01CFFA5A01CFFA5A01CFFA5A01CFFA5A01CFFA5A01CFFA5A01CFFA5A01CFFA5A01CFFA5A01CFFA5A01CFFA5A01CFFA5A01CFFA5A01CFFA5A01CFFA5A01CFFA5A01CFFA5A01CFFA5A01CFFA5A01CFFA5A01CFFA5A01CFFA5A01CFFA5A01CFFA5A01CFFA5A01CFFA5A01CFFA5A01CFFA5A01CFFA5A01CFFA5A01CFFA5A01CFFA5A01CFFA5A01CFFA5A01CFFA5A01CFFA5A01CFFA5A01CFFA5A01CFFA5A01CFFA5A01CFFA5A01CFFA5A01CFFA5A01CFFA5A01CFFA5A01CFFA5A01CFFA5A01CFFA5A01CFFA5A01CFFA5A01CFFA5A01CFFA5A01CFFA5A01CFFA5A01CFFA5A01CFFA5A01CFFA5A01CFFA5A01CFFA5A01CFFA5A01CFFA5A01CFFA5A01CFFA5A01CFFA5A01CFFA5A01CFFA5A01CFFA5A01CFFA5A01CFFA5A01CFFA5A01CFFA5A01CFFA5A01CFFA5A01CFFA5A01CFFA5A01CFFA5A01CFFA5A01CFFA5A01CFFA5A01CFFA5A01CFFA5A01CFFA5A01CFFA5A01CFFA5A01CFFA5A01CFFA5A01CFFA5A01CFFA5A01CFFA5A01CFFA5A01CFFA5A01CFFA5A01CFFA5A01CFFA5A01CFFA5A01CFFA5A01CFFA5A01CFFA5A01CFFA5A01CFFA5A01CFFA5A01CFFA5A01CFFA5A01CFFA5A01CFFA5A01CFFA5A01CFFA5A01CFFA5A01CFFA5A01CFFA5A01CFFA5A01CFFA5A01CFFA5A01CFFA5A01CFFA5A01CFFA5A01CFFA5A01CFFA5A01CFFA5A01CFFA5A01CFFA5A01CFFA5A01CFFA5A01CFFA5A01CFFA5A01CFFA5A01CFFA5A01CFFA5A01CFFA5A01CFFA5A01CFFA5A01CFFA5A01CFFA5A01CFFA5A01CFFA5A01CFFA5A01CFFA5A01CFFA5A01CFFA5A01CFFA5A01CFFA5A01CFFA5A01CFFA5A01CFFA5A01CFFA5A01CFFA5A01CFFA5A01CFFA5A01CFFA5A01CFFA5A01CFFA5A01CFFA5A01CFFA5A01CFFA5A01CFFA5A01CFFA5A01CFFA5A01CFFA5A01CFFA5A01CFFA5A01CFFA5A01CFFA5A01CFFA5A01CFFA5A01CFFA5A01CFFA5A01CFFA5A01CFFA5A01CFFA5A01CFFA5A01CFFA5A01CFFA5A01CFFA5A01CFFA5A01CFFA5A01CFFA5A01CFFA5A01CFFA5A01CFFE2C21CFFFFFFFFFFFFFFFFFFD4F1FFFFA5A01CFFA5A01CFFA5A01CFFA5A01CFFA5A01CFFA5A01CFFA5A01CFFA5A01CFFA5A01CFFA5A01CFFA5A01CFFC5C21CFFE2E1C2FFA5A07CFFA5A01CFFA5A01CFFA5A01CFFA5A01CFFA5A01CFFA5A01CFFA5A01CFFA5A01CFFA5A01CFFA5A01CFFA5A01CFFA5A01CFFA5A01CFFA5A01CFFA5A01CFFA5A01CFFA5A01CFFA5A01CFFA5A01CFFA5A01CFFA5A01CFFA5A01CFFA5A01CFFA5A01CFFA5A01CFFA5A01CFFA5A01CFFA5A01CFFA5A01CFFA5A01CFFA5A01CFFA5A01CFFA5A01CFFA5A01CFFA5A01CFFA5A01CFFA5A01CFFA5A01CFFA5A01CFFA5A01CFFA5A01CFFA5A01CFFA5A01CFFA5A01CFFA5A01CFFA5A01CFFA5A01CFFA5A01CFFA5A01CFFA5A01CFFA5A01CFFA5A01CFFA5A01CFFA5A01CFFA5A01CFFA5A01CFFA5A01CFFA5A01CFFA5A01CFFA5A01CFFA5A01CFFA5A01CFFA5A01CFFA5A01CFFA5A01CFFA5A01CFFA5A01CFFA5A01CFFA5A01CFFA5A01CFFA5A01CFFA5A01CFFA5A01CFFA5A01CFFA5A01CFFA5A01CFFA5A01CFFA5A01CFFA5A01CFFA5A01CFFA5A01CFFA5A01CFFA5A01CFFA5A01CFFA5A01CFFFFE17CFFB5D2E2FFA5A01CFFA5A01CFFA5A01CFFA5A01CFFA5A01CFFA5A01CFFA5A01CFFA5A01CFFA5A01CFFA5A01CFFE2E17CFFE2D2A1FFA5B1A1FFA5A01CFFA5A01CFFC5A01CFFD4F1C2FFA5A01CFFA5A01CFFA5A01CFFC5A01CFFFFFFC2FFE2FFFFFFA5A07CFFC5A01CFFFFFFC2FFFFFFFFFFC5E1FFFFA5A01CFFA5A01CFFFFF1A1FFFFFFFFFFC5E1FFFFA5A01CFFE2C21CFFFFFFFFFFFFFFFFFFD4F1FFFFA5A01CFFE2C21CFFFFFFFFFFFFFFFFFFE2FFFFFFA5A07CFFC5A01CFFFFFFC2FFFFFFFFFFC5E1FFFFA5A01CFFE2C21CFFFFFFFFFFFFFFFFFFD4F1FFFFA5A01CFFF1D253FFFFFFFFFFFFFFFFFFE2FFFFFFA5A07CFFA5A01CFFA5A01CFFA5A01CFFA5A01CFFA5A01CFFA5A01CFFA5A01CFFA5A01CFFA5A01CFFA5A01CFFA5A01CFFA5A01CFFA5A01CFFA5A01CFFA5A01CFFC5A01CFFFFFFC2FFFFFFFFFFFFFFFFFFFFFFFFFFE2E1FFFFFFFFC2FFFFFFFFFFB5D2E2FFFFF1A1FFD4F1FFFFF1D253FFE2FFFFFFA5A07CFFFFF1A1FFFFFFFFFFFFFFFFFFFFFFFFFFE2FFFFFFA5A07CFFA5A01CFFF1D253FFFFFFFFFFFFFFFFFFF1F1E2FFB5D2E2FFA5A01CFFFFE17CFFFFFFFFFFFFFFFFFFFFFFFFFFC5E1FFFFA5A01CFFA5A01CFFA5A01CFFF1D253FFFFFFFFFFFFFFFFFFE2FFFFFFA5A07CFFA5A01CFFA5A01CFFE2D253FFA5B1A1FFA5A01CFFE2C21CFFFFFFFFFFFFFFFFFFE2FFFFFFA5A07CFFA5A01CFFA5A01CFFA5A01CFFF1E17CFFA5B1A1FFD4B11CFFB5D2C2FFA5A01CFFE2E17CFFA5A07CFFA5A01CFFA5A01CFFA5A01CFFE2D253FFA5B1A1FFA5A01CFFC5A01CFFC5E1C2FFA5A01CFFA5A01CFFA5A01CFFA5A01CFFA5A01CFFF1E17CFFA5B1A1FFA5A01CFFA5A01CFFA5A01CFFE2D253FFA5B1A1FFA5A01CFFFFE17CFFC5E1FFFFA5A01CFFA5A01CFFA5A01CFFA5A01CFFA5A01CFFA5A01CFFA5A01CFFA5A01CFFA5A01CFFA5A01CFFA5A01CFFA5A01CFFA5A01CFFA5A01CFFA5A01CFFA5A01CFFA5A01CFFA5A01CFFA5A01CFFD4B11CFFC5E1E2FFA5A01CFFA5A01CFFD4B11CFFC5E1E2FFA5A01CFFE2F1A1FFA5A07CFFF1D253FFA5C2C2FFD4B11CFFC5E1E2FFA5A01CFFA5A01CFFF1E17CFFA5B1A1FFA5A01CFFE2C21CFFD4F1FFFFA5A01CFFA5A01CFFFFF1A1FFB5D2E2FFD4B11CFFC5E1E2FFA5A01CFFA5A01CFFA5A01CFFA5A01CFFA5A01CFFA5A01CFFA5A01CFFA5A01CFFE2D253FFE2D2A1FFA5C2C2FFA5A01CFFA5A01CFFA5A01CFFE2C21CFFB5D2E2FFA5A01CFFA5A01CFFE2F1A1FFD4B17CFFB5D2C2FFA5A01CFFA5A01CFFFFF1A1FFFFFFFFFFFFFFFFFFA5C2C2FFE2C21CFFA5C2C2FFA5A01CFFE2E17CFFA5A07CFFA5A01CFFFFE17CFFE2E1C2FFE2FFFFFFA5A07CFFA5A01CFFC5A01CFFC5E1C2FFA5A01CFFA5A01CFFA5A01CFFFFF1A1FFFFFFFFFFFFFFFFFFA5C2C2FFA5A01CFFD4B11CFFFFFFE2FFD4F1FFFFA5A01CFFA5A01CFFA5A01CFFFFE17CFFC5E1FFFFA5A01CFFA5A01CFFA5A01CFFA5A01CFFA5A01CFFA5A01CFFA5A01CFFA5A01CFFA5A01CFFA5A01CFFA5A01CFFA5A01CFFA5A01CFFA5A01CFFA5A01CFFA5A01CFFA5A01CFFA5A01CFFD4B11CFFC5E1E2FFA5A01CFFA5A01CFFD4B11CFFC5E1E2FFA5A01CFFE2F1A1FFA5A07CFFF1D253FFA5C2C2FFA5A01CFFFFE17CFFFFFFFFFFFFFFFFFFF1FFFFFFA5B1A1FFA5A01CFFF1D253FFA5C2C2FFA5A01CFFA5A01CFFE2C21CFFB5D2E2FFF1D253FFFFFFFFFFFFFFFFFFFFFFFFFFFFFFFFFFD4F1FFFFA5A01CFFA5A01CFFA5A01CFFE2C21CFFFFFFFFFFFFFFFFFFF1FFFFFFA5B1A1FFA5A01CFFA5A01CFFC5A01CFFC5E1C2FFA5A01CFFA5A01CFFE2C21CFFE2E1E2FFB5D2C2FFA5A01CFFD4B11CFFB5D2C2FFA5A01CFFE2D253FFA5B1A1FFD4B11CFFB5D2C2FFA5A01CFFE2E17CFFA5A07CFFC5A01CFFE2E1C2FFE2FFC2FFA5A07CFFA5A01CFFA5A01CFFC5A01CFFC5E1C2FFA5A01CFFA5A01CFFD4B11CFFB5D2C2FFA5A01CFFE2D253FFA5B1A1FFA5A01CFFA5A01CFFA5A01CFFE2F1A1FFA5A07CFFC5C21CFFA5A07CFFA5A01CFFE2E17CFFA5A07CFFA5A01CFFA5A01CFFA5A01CFFA5A01CFFA5A01CFFA5A01CFFA5A01CFFA5A01CFFA5A01CFFA5A01CFFA5A01CFFA5A01CFFA5A01CFFA5A01CFFA5A01CFFA5A01CFFA5A01CFFD4B11CFFC5E1E2FFA5A01CFFA5A01CFFD4B11CFFE2FFE2FFA5A07CFFFFF1A1FFA5C2C2FFF1D253FFA5C2C2FFA5A01CFFC5C21CFFA5A07CFFA5A01CFFF1E17CFFA5B1A1FFA5A01CFFE2C21CFFD4F1FFFFA5A01CFFC5A01CFFFFFFC2FFB5D2E2FFE2C21CFFD4F1FFFFA5A01CFFA5A01CFFF1D253FFB5D2E2FFA5A01CFFA5A01CFFA5A01CFFA5A01CFFE2C21CFFE2E1C2FFB5D2E2FFA5A01CFFE2C21CFFFFFFFFFFFFFFFFFFE2FFFFFFA5A07CFFA5A01CFFA5A01CFFFFF1A1FFB5D2E2FFA5A01CFFA5A01CFFFFF1A1FFFFFFFFFFD4F1FFFFA5A01CFFA5A01CFFFFF1A1FFFFFFFFFFC5E1FFFFA5A01CFFC5A01CFFFFFFC2FFFFFFFFFFD4F1FFFFA5A01CFFE2C21CFFFFFFFFFFC5E1FFFFA5A01CFFA5A01CFFA5A01CFFFFF1A1FFFFFFFFFFD4F1FFFFA5A01CFFD4B11CFFFFFFE2FFFFFFFFFFC5E1FFFFA5A01CFFD4B11CFFFFFFE2FFFFFFFFFFC5E1FFFFA5A01CFFA5A01CFFA5A01CFFA5A01CFFA5A01CFFA5A01CFFA5A01CFFA5A01CFFA5A01CFFA5A01CFFA5A01CFFA5A01CFFA5A01CFFA5A01CFFA5A01CFFA5A01CFFA5A01CFFA5A01CFFD4B11CFFC5E1E2FFA5A01CFFC5A01CFFFFFFC2FFFFFFFFFFFFFFFFFFD4D2E2FFFFFFC2FFE2FFFFFFA5A07CFFA5A01CFFF1D253FFFFFFFFFFFFFFFFFFD4F1FFFFA5A01CFFA5A01CFFA5A01CFFF1D253FFFFFFFFFFFFFFFFFFE2E1C2FFFFFFFFFFA5C2C2FFF1D253FFFFFFFFFFFFFFFFFFD4F1FFFFA5A01CFFA5A01CFFA5A01CFFA5A01CFFA5A01CFFA5A01CFFA5A01CFFA5A01CFFA5A01CFFA5A01CFFA5A01CFFA5A01CFFA5A01CFFA5A01CFFA5A01CFFA5A01CFFA5A01CFFA5A01CFFA5A01CFFA5A01CFFA5A01CFFA5A01CFFA5A01CFFA5A01CFFA5A01CFFA5A01CFFA5A01CFFA5A01CFFA5A01CFFA5A01CFFA5A01CFFA5A01CFFA5A01CFFA5A01CFFA5A01CFFA5A01CFFA5A01CFFA5A01CFFA5A01CFFA5A01CFFA5A01CFFA5A01CFFA5A01CFFA5A01CFFA5A01CFFA5A01CFFA5A01CFFA5A01CFFA5A01CFFA5A01CFFA5A01CFFA5A01CFFA5A01CFFA5A01CFFA5A01CFFA5A01CFFA5A01CFFA5A01CFFA5A01CFFA5A01CFFA5A01CFFA5A01CFFA5A01CFFA5A01CFFA5A01CFFA5A01CFFA5A01CFFA5A01CFFA5A01CFFA5A01CFFA5A01CFFD4B11CFFC5E1E2FFA5A01CFFA5A01CFFA5A01CFFA5A01CFFA5A01CFFA5A01CFFA5A01CFFA5A01CFFA5A01CFFA5A01CFFA5A01CFFA5A01CFFA5A01CFFA5A01CFFA5A01CFFA5A01CFFA5A01CFFA5A01CFFA5A01CFFA5A01CFFA5A01CFFA5A01CFFA5A01CFFA5A01CFFA5A01CFFA5A01CFFA5A01CFFA5A01CFFA5A01CFFA5A01CFFA5A01CFFA5A01CFFA5A01CFFA5A01CFFA5A01CFFA5A01CFFA5A01CFFA5A01CFFA5A01CFFA5A01CFFA5A01CFFA5A01CFFA5A01CFFA5A01CFFA5A01CFFA5A01CFFA5A01CFFA5A01CFFA5A01CFFA5A01CFFA5A01CFFA5A01CFFA5A01CFFA5A01CFFA5A01CFFA5A01CFFA5A01CFFA5A01CFFA5A01CFFA5A01CFFA5A01CFFA5A01CFFA5A01CFFA5A01CFFA5A01CFFA5A01CFFA5A01CFFA5A01CFFA5A01CFFA5A01CFFA5A01CFFA5A01CFFA5A01CFFA5A01CFFA5A01CFFA5A01CFFA5A01CFFA5A01CFFA5A01CFFA5A01CFFA5A01CFFA5A01CFFA5A01CFFA5A01CFFA5A01CFFA5A01CFFA5A01CFFA5A01CFFA5A01CFFA5A01CFFA5A01CFFA5A01CFFA5A01CFFA5A01CFFA5A01CFFA5A01CFFC5A01CFFFFFFC2FFFFFFFFFFFFFFFFFFFFFFFFFFC5E1FFFFA5A01CFFA5A01CFFA5A01CFFA5A01CFFA5A01CFFA5A01CFFA5A01CFFA5A01CFFA5A01CFFA5A01CFFA5A01CFFA5A01CFFA5A01CFFA5A01CFFA5A01CFFA5A01CFFA5A01CFFA5A01CFFA5A01CFFA5A01CFFA5A01CFFA5A01CFFA5A01CFFA5A01CFFA5A01CFFA5A01CFFA5A01CFFA5A01CFFA5A01CFFA5A01CFFA5A01CFFA5A01CFFA5A01CFFA5A01CFFA5A01CFFA5A01CFFA5A01CFFA5A01CFFA5A01CFFA5A01CFFA5A01CFFA5A01CFFA5A01CFFA5A01CFFA5A01CFFA5A01CFFA5A01CFFA5A01CFFA5A01CFFA5A01CFFA5A01CFFA5A01CFFA5A01CFFA5A01CFFA5A01CFFA5A01CFFA5A01CFFA5A01CFFA5A01CFFA5A01CFFA5A01CFFA5A01CFFA5A01CFFA5A01CFFA5A01CFFA5A01CFFA5A01CFFA5A01CFFA5A01CFFA5A01CFFA5A01CFFA5A01CFFA5A01CFFA5A01CFFA5A01CFFA5A01CFFA5A01CFFA5A01CFFA5A01CFFA5A01CFFA5A01CFFA5A01CFFA5A01CFFA5A01CFFA5A01CFFA5A01CFFA5A01CFFA5A01CFFA5A01CFFA5A01CFFA5A01CFFA5A01CFFA5A01CFFA5A01CFFA5A01CFFA5A01CFFA5A01CFFA5A01CFFA5A01CFFA5A01CFFA5A01CFFA5A01CFFA5A01CFFA5A01CFFA5A01CFFA5A01CFFA5A01CFFA5A01CFFA5A01CFFA5A01CFFA5A01CFFA5A01CFFA5A01CFFA5A01CFFA5A01CFFA5A01CFFA5A01CFFA5A01CFFA5A01CFFA5A01CFFA5A01CFFA5A01CFFA5A01CFFA5A01CFFA5A01CFFA5A01CFFA5A01CFFA5A01CFFA5A01CFFA5A01CFFA5A01CFFA5A01CFFA5A01CFFA5A01CFFA5A01CFFA5A01CFFA5A01CFFA5A01CFFA5A01CFFA5A01CFFA5A01CFFA5A01CFFA5A01CFFA5A01CFFA5A01CFFA5A01CFFA5A01CFFA5A01CFFA5A01CFFA5A01CFFA5A01CFFA5A01CFFA5A01CFFA5A01CFFA5A01CFFA5A01CFFA5A01CFFA5A01CFFA5A01CFFA5A01CFFA5A01CFFA5A01CFFA5A01CFFA5A01CFFA5A01CFFA5A01CFFA5A01CFFA5A01CFFA5A01CFFA5A01CFFA5A01CFFA5A01CFFA5A01CFFA5A01CFFA5A01CFFA5A01CFFA5A01CFFA5A01CFFA5A01CFFA5A01CFFA5A01CFFA5A01CFFA5A01CFFA5A01CFFA5A01CFFA5A01CFFA5A01CFFA5A01CFFA5A01CFFA5A01CFFA5A01CFFA5A01CFFA5A01CFFA5A01CFFA5A01CFFA5A01CFFA5A01CFFA5A01CFFA5A01CFFA5A01CFFA5A01CFFA5A01CFFA5A01CFFA5A01CFFA5A01CFFA5A01CFFA5A01CFFA5A01CFFA5A01CFFA5A01CFFA5A01CFFA5A01CFFA5A01CFFA5A01CFFA5A01CFFA5A01CFFA5A01CFFA5A01CFFA5A01CFFA5A01CFFA5A01CFFA5A01CFFA5A01CFFA5A01CFFA5A01CFFA5A01CFFA5A01CFFA5A01CFFA5A01CFFA5A01CFFA5A01CFFA5A01CFFA5A01CFFA5A01CFFA5A01CFFA5A01CFFA5A01CFFA5A01CFFA5A01CFFA5A01CFFA5A01CFFA5A01CFFA5A01CFFA5A01CFFA5A01CFFA5A01CFFA5A01CFFA5A01CFFA5A01CFFA5A01CFFA5A01CFFA5A01CFFA5A01CFFA5A01CFFA5A01CFFA5A01CFFA5A01CFFA5A01CFFA5A01CFFA5A01CFFA5A01CFFA5A01CFFA5A01CFFA5A01CFFA5A01CFFA5A01CFFA5A01CFFA5A01CFFA5A01CFFA5A01CFFA5A01CFFA5A01CFFA5A01CFFA5A01CFFA5A01CFFA5A01CFFA5A01CFFA5A01CFFA5A01CFFA5A01CFFA5A01CFFA5A01CFFA5A01CFFA5A01CFFA5A01CFFA5A01CFFA5A01CFFA5A01CFFA5A01CFFA5A01CFFA5A01CFFA5A01CFFA5A01CFFA5A01CFFA5A01CFFA5A01CFFA5A01CFFA5A01CFFA5A01CFFA5A01CFFA5A01CFFA5A01CFFA5A01CFFA5A01CFFA5A01CFFA5A01CFFA5A01CFFA5A01CFFA5A01CFFA5A01CFFA5A01CFFA5A01CFFA5A01CFFA5A01CFFA5A01CFFA5A01CFFA5A01CFFA5A01CFFA5A01CFFA5A01CFFA5A01CFFA5A01CFFA5A01CFFA5A01CFFA5A01CFFA5A01CFFA5A01CFFA5A01CFFA5A01CFFA5A01CFFA5A01CFFA5A01CFFA5A01CFFA5A01CFFA5A01CFFA5A01CFFA5A01CFFA5A01CFFA5A01CFFA5A01CFFA5A01CFFA5A01CFFA5A01CFFA5A01CFFA5A01CFFA5A01CFFA5A01CFFA5A01CFFA5A01CFFA5A01CFFA5A01CFFA5A01CFFA5A01CFFA5A01CFFA5A01CFFA5A01CFFA5A01CFFA5A01CFFA5A01CFFA5A01CFFA5A01CFFA5A01CFFA5A01CFFA5A01CFFA5A01CFFA5A01CFFA5A01CFFA5A01CFFA5A01CFFA5A01CFFA5A01CFFA5A01CFFA5A01CFFA5A01CFFA5A01CFFA5A01CFFA5A01CFFA5A01CFFA5A01CFFA5A01CFFA5A01CFFA5A01CFFA5A01CFFA5A01CFFA5A01CFFA5A01CFFA5A01CFFA5A01CFFA5A01CFFA5A01CFFA5A01CFFA5A01CFFA5A01CFFA5A01CFFA5A01CFFA5A01CFFA5A01CFFA5A01CFFA5A01CFFA5A01CFFA5A01CFFA5A01CFFA5A01CFFA5A01CFFA5A01CFFA5A01CFFA5A01CFFA5A01CFFA5A01CFFA5A01CFFA5A01CFFA5A01CFFA5A01CFFA5A01CFFA5A01CFFA5A01CFFA5A01CFFA5A01CFFA5A01CFFA5A01CFFA5A01CFFA5A01CFFA5A01CFFA5A01CFFA5A01CFFA5A01CFFA5A01CFFA5A01CFFA5A01CFFA5A01CFFA5A01CFFA5A01CFFA5A01CFFA5A01CFFA5A01CFFA5A01CFFA5A01CFFA5A01CFFA5A01CFFA5A01CFFA5A01CFFA5A01CFFA5A01CFFA5A01CFFA5A01CFFA5A01CFFA5A01CFFA5A01CFFA5A01CFFA5A01CFFA5A01CFFA5A01CFFA5A01CFFA5A01CFFA5A01CFFA5A01CFFA5A01CFFA5A01CFFA5A01CFFA5A01CFFA5A01CFFA5A01CFFA5A01CFFA5A01CFFA5A01CFFA5A01CFFA5A01CFFA5A01CFFA5A01CFFA5A01CFFA5A01CFFA5A01CFFA5A01CFFA5A01CFFA5A01CFFA5A01CFFA5A01CFFA5A01CFFA5A01CFFA5A01CFFA5A01CFFA5A01CFFA5A01CFFA5A01CFFA5A01CFFA5A01CFFA5A01CFFA5A01CFFA5A01CFFA5A01CFFA5A01CFFA5A01CFF424DA6170000000000003600000028000000640000000F000000010020000000000000000000C40E0000C40E00000000000000000000)
SET IDENTITY_INSERT [dbo].[Photo] OFF
